anime_id,year
32281,2016.0
5114,2009.0
28977,2015.0
9253,2011.0
9969,2011.0
32935,2016.0
11061,2011.0
15335,2013.0
15417,2012.0
4181,2008.0
28851,2016.0
918,2006.0
2904,2008.0
28891,2015.0
199,2001.0
23273,2014.0
24701,2014.0
12355,2012.0
1575,2006.0
263,2000.0
1,1998.0
30276,2015.0
164,1997.0
7311,2010.0
17074,2013.0
21939,2014.0
457,2005.0
2001,2007.0
245,1999.0
32983,2016.0
5258,2009.0
28957,2015.0
11665,2012.0
431,2004.0
11741,2012.0
31757,2016.0
19,2004.0
12365,2012.0
1535,2006.0
30654,2016.0
20583,2014.0
19647,2013.0
4282,2008.0
10379,2011.0
22135,2014.0
31043,2016.0
7785,2010.0
3297,2008.0
6114,2010.0
31240,2016.0
4565,2009.0
5300,2009.0
9989,2011.0
24415,2015.0
11577,2013.0
10408,2011.0
32995,2016.0
21899,2012.0
26055,2015.0
7472,2010.0
22535,2014.0
28735,2016.0
12431,2012.0
28805,2015.0
578,1988.0
16894,2013.0
5028,2009.0
21,1999.0
801,2004.0
31933,2016.0
5205,2009.0
17389,2013.0
170,1993.0
10162,2011.0
18617,2015.0
32182,2016.0
877,2006.0
2251,2007.0
16498,2013.0
10030,2011.0
5941,2009.0
30346,2016.0
3784,2009.0
13125,2012.0
14397,2013.0
10087,2011.0
14719,2012.0
9756,2011.0
10165,2011.0
13601,2012.0
22789,2014.0
30230,2015.0
18115,2013.0
11981,2013.0
205,2004.0
6594,2010.0
11979,2012.0
7655,2010.0
2246,2007.0
25835,2014.0
2921,1980.0
136,1999.0
30503,2015.0
12531,2012.0
523,1988.0
467,2002.0
572,1984.0
2559,1995.0
392,1992.0
486,2003.0
11771,2012.0
1698,2007.0
5341,2009.0
28701,2015.0
5420,2009.0
9260,2016.0
32,1997.0
4224,2008.0
2236,2006.0
31181,2015.0
45,1996.0
2418,2007.0
1365,2002.0
22297,2014.0
627,2004.0
4081,2008.0
4155,2009.0
1889,2007.0
558,2006.0
5040,2008.0
57,2004.0
33,1997.0
5,2001.0
1842,2007.0
1210,2006.0
338,1979.0
13759,2012.0
6547,2010.0
5081,2009.0
32867,2016.0
12859,2012.0
5460,2009.0
6746,2010.0
5690,2010.0
329,2003.0
513,1986.0
1142,2006.0
6811,2009.0
16664,2013.0
1604,2006.0
22145,2014.0
2966,2008.0
31964,2016.0
19363,2014.0
18195,2013.0
9863,2011.0
7674,2010.0
11843,2012.0
16782,2013.0
28675,2015.0
3226,2008.0
21557,2014.0
43,1995.0
9617,2011.0
10153,2012.0
1033,2002.0
3091,2008.0
12115,2013.0
28223,2015.0
121,2003.0
3002,2007.0
6675,2009.0
10800,2011.0
32005,2016.0
813,1989.0
28725,2015.0
585,1995.0
16067,2013.0
30,1995.0
31490,2016.0
759,2003.0
6,1998.0
11977,2012.0
11123,2011.0
23847,2015.0
962,2006.0
1519,2006.0
2167,2007.0
5681,2009.0
6467,2010.0
10271,2011.0
22507,2014.0
3701,2008.0
33255,2016.0
372,2000.0
25681,2015.0
4722,2008.0
24277,2014.0
239,2004.0
512,1989.0
4477,2008.0
31174,2015.0
23327,2014.0
5365,2008.0
7465,2010.0
7054,2010.0
23283,2014.0
2025,2007.0
235,1996.0
1364,2001.0
18689,2013.0
22043,2014.0
31988,2016.0
20899,2014.0
1453,1986.0
23623,2015.0
1559,2006.0
23289,2014.0
18,2004.0
4814,2008.0
16662,2013.0
12031,2012.0
8129,2010.0
14513,2012.0
2581,2007.0
30015,2016.0
1827,2007.0
25013,2014.0
1367,2004.0
27833,2016.0
1974,2005.0
8425,2011.0
185,1998.0
18679,2013.0
2034,2007.0
437,1998.0
721,2002.0
12477,2013.0
2402,1970.0
6702,2009.0
31741,2016.0
440,1997.0
4107,2008.0
1506,2006.0
2759,2007.0
72,2003.0
3016,1993.0
3783,2008.0
3927,2008.0
11597,2012.0
28025,2014.0
24833,2015.0
27663,2015.0
1482,2006.0
1430,1979.0
33051,2016.0
7720,2010.0
1914,2007.0
20371,2014.0
15039,2013.0
2164,2007.0
237,2005.0
135,2001.0
6045,2009.0
6211,2009.0
232,1998.0
4789,2008.0
16918,2013.0
16,2005.0
1486,1996.0
24997,2015.0
25879,2015.0
889,2006.0
21419,2014.0
934,2006.0
12189,2012.0
1530,2006.0
9656,2011.0
20507,2014.0
31149,2016.0
14075,2012.0
781,1999.0
1363,2000.0
223,1986.0
2004,2002.0
25649,2015.0
153,2002.0
5029,2008.0
302,1978.0
5682,2009.0
21647,2014.0
16049,2013.0
1065,1985.0
18179,2013.0
47,1988.0
23199,2015.0
30415,2015.0
10049,2011.0
1943,2006.0
846,2006.0
9926,2011.0
31173,2016.0
589,1986.0
15059,2012.0
7791,2010.0
17265,2013.0
20815,2014.0
535,1996.0
9963,2011.0
32551,2016.0
2762,1983.0
14713,2012.0
14807,2013.0
9204,2010.0
31098,2016.0
33253,2016.0
24921,2015.0
1471,1988.0
27831,2015.0
2924,2007.0
4672,2008.0
3907,1994.0
186,1999.0
21469,2014.0
9941,2011.0
14813,2013.0
21855,2014.0
11739,2012.0
2159,2007.0
28297,2015.0
29831,2016.0
2154,2006.0
861,2006.0
1689,2007.0
9996,2011.0
7711,2010.0
77,2005.0
32093,2016.0
12113,2012.0
3014,1988.0
5678,2009.0
6774,2009.0
1089,1984.0
15,2005.0
122,2002.0
1594,2006.0
3092,2008.0
10721,2011.0
3588,2008.0
4106,2010.0
387,2002.0
1088,1982.0
10620,2011.0
6582,2009.0
2158,2007.0
22319,2014.0
6586,2009.0
66,2002.0
8142,2010.0
73,2005.0
4898,2008.0
19111,2014.0
7222,2011.0
15689,2012.0
957,2006.0
24,2004.0
849,2006.0
2623,1997.0
427,2003.0
4280,2008.0
18429,2013.0
17549,2013.0
28,2004.0
9513,2011.0
14353,2013.0
13331,2012.0
4985,2010.0
29803,2015.0
22,2001.0
2618,1978.0
793,2005.0
30279,2015.0
28755,2015.0
10029,2011.0
2035,2007.0
790,2006.0
9289,2011.0
15809,2013.0
27989,2015.0
5630,2009.0
2829,1996.0
30831,2016.0
416,1992.0
85,1985.0
1254,1986.0
2605,2007.0
3228,2008.0
1485,1996.0
13119,2014.0
3782,2007.0
3572,2008.0
114,2003.0
658,2005.0
32370,2016.0
22777,2014.0
29787,2015.0
7062,2010.0
11887,2012.0
12815,2012.0
12017,2014.0
6377,2009.0
1470,1987.0
780,1998.0
14349,2013.0
996,1996.0
9465,2010.0
14175,2013.0
11239,2012.0
967,1984.0
1695,2007.0
339,1998.0
7724,2010.0
2753,1991.0
8516,2011.0
779,1997.0
1366,2003.0
19319,2013.0
187,2001.0
597,2002.0
400,1998.0
18245,2013.0
10521,2011.0
28907,2015.0
31637,2016.0
1571,2006.0
267,2003.0
253,2001.0
4080,2008.0
27947,2015.0
12917,2011.0
3750,2009.0
569,1993.0
15771,2013.0
397,2001.0
11001,2012.0
17909,2013.0
21185,2014.0
9724,2011.0
12413,2012.0
2076,1997.0
31251,2015.0
5485,2009.0
5005,2008.0
890,1997.0
269,2004.0
14741,2012.0
1472,1989.0
33028,2016.0
6033,2009.0
19703,2013.0
25517,2014.0
31764,2016.0
27775,2015.0
21339,2015.0
2104,2007.0
24893,2015.0
2150,1990.0
12445,2012.0
543,2000.0
9252,2010.0
1505,2005.0
4447,2008.0
317,2005.0
22265,2014.0
13117,2013.0
16904,2014.0
97,2003.0
2273,1998.0
1735,2007.0
12403,2012.0
31646,2016.0
32998,2016.0
30123,2015.0
31339,2016.0
2890,2008.0
468,2004.0
29755,2015.0
516,2004.0
1425,1977.0
5310,2009.0
93,2002.0
322,2005.0
7588,2010.0
1172,1997.0
2265,
23249,2014.0
202,2003.0
9919,2011.0
1818,2007.0
10090,2011.0
17895,2013.0
1824,1983.0
10357,2012.0
19489,2015.0
19613,2014.0
5530,2009.0
10218,2012.0
388,2005.0
28999,2015.0
1473,1991.0
1379,2005.0
23293,2014.0
33221,2016.0
31592,2015.0
7193,2009.0
1961,2005.0
21405,2014.0
6024,2009.0
2761,1982.0
1491,1978.0
106,1996.0
5835,2009.0
3604,2008.0
2828,1977.0
4087,2008.0
28881,2015.0
21473,2014.0
582,1998.0
8311,2010.0
21995,2014.0
532,1994.0
552,1999.0
7645,2010.0
249,2000.0
451,2003.0
433,2004.0
80,1979.0
1092,1982.0
1921,1984.0
1562,2006.0
11111,2012.0
11737,2012.0
28249,2015.0
13535,2012.0
28121,2015.0
251,2004.0
18153,2013.0
875,2004.0
795,1991.0
29830,2015.0
16870,2014.0
479,2005.0
15197,2013.0
32189,2016.0
31859,2016.0
570,2000.0
5680,2009.0
2175,2007.0
1887,2007.0
90,1995.0
2594,2007.0
210,1989.0
19775,2014.0
534,1995.0
2582,1983.0
407,2003.0
6213,2009.0
1000,1978.0
1375,1990.0
8514,2010.0
951,1990.0
12117,2012.0
2508,2007.0
19115,2014.0
396,2000.0
20057,2014.0
9074,2010.0
226,2004.0
2405,1988.0
10460,2011.0
444,2004.0
15315,2013.0
1699,2007.0
29829,2015.0
30868,2015.0
22199,2014.0
14941,2013.0
14735,2013.0
20431,2014.0
1462,1995.0
13667,2012.0
28927,2015.0
20847,2014.0
2451,1982.0
8937,2010.0
12883,2012.0
30413,2015.0
6347,2010.0
3841,2008.0
8086,2010.0
33082,2016.0
1096,1993.0
14407,2013.0
290,1999.0
154,2001.0
11757,2012.0
5074,2009.0
31733,2016.0
1690,2007.0
10092,2011.0
9785,2005.0
18055,2013.0
27991,2015.0
3545,1996.0
1211,1995.0
9510,2011.0
6956,2010.0
9441,2010.0
233,2000.0
2397,2000.0
345,2005.0
71,2002.0
10793,2011.0
9760,2011.0
160,1999.0
3713,2008.0
2593,2007.0
2454,1988.0
2963,2007.0
87,1988.0
20,2002.0
31953,2016.0
150,2005.0
60,2003.0
120,2001.0
74,2004.0
30364,2015.0
8426,2011.0
2547,1985.0
22101,2014.0
182,1996.0
16011,2013.0
22819,2014.0
477,2005.0
6772,2010.0
2229,1991.0
6927,2009.0
228,2005.0
30952,2016.0
24135,2014.0
12021,2012.0
17249,2013.0
18119,2013.0
2787,2007.0
6046,2009.0
9000,2011.0
10717,2011.0
31580,2016.0
531,1993.0
4725,2008.0
6637,2010.0
14511,2013.0
10389,2012.0
7592,2010.0
32729,2016.0
2112,2007.0
65,2005.0
2499,1995.0
3470,2008.0
26,2003.0
1293,1981.0
856,2006.0
2214,2006.0
32108,2016.0
123,1995.0
488,2005.0
3603,2007.0
464,2005.0
9745,2011.0
21843,2014.0
14227,2012.0
997,1994.0
31478,2016.0
28479,2015.0
2471,1979.0
240,2004.0
1301,1979.0
9065,2010.0
3731,2008.0
1412,1971.0
20785,2014.0
2985,2007.0
1483,1998.0
10161,2011.0
462,2003.0
5507,2009.0
6444,2009.0
10715,2011.0
95,1999.0
8247,2010.0
20031,2014.0
28669,2015.0
450,2002.0
32491,2016.0
6624,2009.0
25015,2015.0
331,1994.0
23777,2015.0
10278,2011.0
2557,1991.0
24405,2014.0
4416,2005.0
740,1993.0
2213,2004.0
371,1999.0
430,2005.0
16528,2013.0
9288,2010.0
6372,2009.0
17,2002.0
24439,2015.0
1915,2007.0
323,2004.0
2313,1992.0
584,2005.0
24543,2015.0
6634,2010.0
355,2005.0
30549,2015.0
1279,1982.0
10033,2011.0
11531,2011.0
10534,2011.0
32979,2016.0
132,2002.0
14467,2012.0
1606,2006.0
2227,1987.0
7627,2010.0
6773,2011.0
1650,1974.0
2558,1993.0
33513,2016.0
905,1995.0
5231,2008.0
5204,2008.0
12487,2012.0
324,1989.0
709,2003.0
1034,1987.0
10716,2011.0
1924,1988.0
7647,2010.0
530,1992.0
3785,2012.0
1281,2000.0
24765,2015.0
129,2000.0
7661,2010.0
10999,2011.0
6116,2009.0
10500,2011.0
8675,2010.0
1557,2006.0
14289,2012.0
11743,2013.0
29854,2015.0
11433,2012.0
31821,2016.0
12049,2012.0
6152,2005.0
19191,2013.0
21327,2014.0
10568,2011.0
1087,1987.0
15051,2013.0
11933,2012.0
23775,2014.0
969,2006.0
32681,2016.0
2202,1982.0
10495,2011.0
880,2006.0
15061,2012.0
110,1997.0
23251,2014.0
587,2006.0
11013,2012.0
452,2001.0
32869,2016.0
6172,2009.0
21105,2014.0
3001,2007.0
2498,1995.0
25729,2015.0
4654,2008.0
18139,2014.0
16005,2013.0
22147,2014.0
1946,2003.0
67,2005.0
14345,2012.0
340,2004.0
10588,2011.0
14669,2013.0
455,2004.0
18507,2013.0
27411,2015.0
8217,2010.0
617,1993.0
31798,2016.0
11371,2012.0
32542,2016.0
2268,
177,2005.0
22729,2014.0
4835,2008.0
8888,2012.0
9786,2006.0
25687,2015.0
14131,2012.0
2002,2007.0
145,1998.0
5290,2008.0
250,2003.0
23321,2014.0
1873,1983.0
528,1998.0
2562,2007.0
1861,1994.0
17437,2014.0
32673,2016.0
1985,1975.0
304,2000.0
12291,2012.0
874,2001.0
2673,2007.0
31376,2016.0
1251,1990.0
2012,1996.0
2848,2007.0
15813,2013.0
5162,2009.0
3673,2008.0
3848,2008.0
26243,2015.0
46,1997.0
16241,2013.0
1239,1995.0
17187,2013.0
270,2001.0
1356,1987.0
1567,1995.0
13655,2012.0
334,1994.0
7651,2009.0
1029,1991.0
209,2003.0
16524,2013.0
10714,2011.0
10216,2011.0
6408,2010.0
32828,2016.0
13115,2012.0
2174,2007.0
5494,2009.0
6604,2009.0
32526,2016.0
8100,2010.0
2835,1982.0
2549,1978.0
814,2005.0
28497,2015.0
1651,1978.0
691,1989.0
11759,2012.0
1240,1995.0
6573,2009.0
21743,2014.0
901,1993.0
14837,2013.0
31706,2016.0
364,2005.0
4060,1987.0
23269,2015.0
449,2004.0
32870,2016.0
522,2001.0
96,1994.0
10589,2011.0
3420,2008.0
10378,2011.0
3369,2000.0
5075,1994.0
11235,2012.0
586,2006.0
4981,2008.0
2961,1999.0
2409,1999.0
4039,2008.0
22693,2014.0
1563,1995.0
9979,2011.0
1608,2001.0
18523,2013.0
2923,2007.0
18497,2013.0
21639,2014.0
283,1979.0
2889,2007.0
18671,2014.0
2171,2007.0
32948,2016.0
3213,1980.0
19195,2014.0
21273,2014.0
5998,2009.0
2330,1999.0
218,1996.0
8476,2010.0
10257,2011.0
10731,2011.0
23281,2014.0
166,2004.0
8557,2010.0
6802,2010.0
30911,2016.0
200,2002.0
3613,2008.0
22419,1961.0
13709,2007.0
1474,1989.0
15199,2015.0
8687,2005.0
1454,2006.0
98,2004.0
20541,2014.0
1095,1989.0
593,1999.0
708,2002.0
13391,2014.0
2596,2007.0
441,1999.0
5262,2008.0
1372,1996.0
2337,2004.0
102,2004.0
24919,2015.0
1686,2006.0
1681,2006.0
2800,1976.0
356,2006.0
6922,2010.0
4061,1988.0
9834,2011.0
5854,2008.0
2257,1981.0
1459,1992.0
8676,2010.0
4186,2009.0
17121,2013.0
7045,2000.0
15613,2013.0
6895,2010.0
379,1999.0
12053,2012.0
490,2005.0
64,2004.0
5671,2009.0
5355,2009.0
20671,2013.0
1728,2001.0
567,1999.0
1911,2006.0
481,2000.0
2392,2006.0
18465,2013.0
852,1995.0
5710,2009.0
1091,1981.0
7877,2003.0
34136,2016.0
131,2004.0
879,2006.0
1642,2005.0
5712,1991.0
3974,2008.0
2203,1982.0
156,2001.0
29,2004.0
12149,2012.0
18893,2013.0
11633,2013.0
17269,2013.0
15201,2015.0
26349,2014.0
25389,2015.0
27631,2015.0
134,2003.0
5929,1988.0
28825,2015.0
5291,2008.0
12679,2012.0
1021,1999.0
6707,2010.0
2518,2006.0
32792,2016.0
19221,2013.0
165,2002.0
2129,2008.0
1050,2003.0
1222,2006.0
1069,1977.0
13349,2012.0
5096,2008.0
906,1995.0
1391,1991.0
2037,1992.0
1773,2006.0
3199,1994.0
327,2002.0
130,2003.0
2216,2007.0
31680,2016.0
15731,2013.0
12015,2012.0
2608,2007.0
1327,1993.0
2922,1981.0
24625,2014.0
16009,2013.0
435,1994.0
8246,2010.0
1203,2004.0
959,2001.0
10294,2011.0
10713,2011.0
10798,2011.0
4752,2008.0
183,2002.0
798,2006.0
28771,2016.0
68,2005.0
2553,1975.0
13335,2012.0
19193,2014.0
506,1984.0
20903,2014.0
142,1999.0
10918,2010.0
3358,2008.0
76,2004.0
31414,2016.0
353,2002.0
14267,2012.0
19291,2013.0
792,1992.0
167,2003.0
24037,2014.0
5233,2009.0
2014,2001.0
1006,1996.0
27899,2015.0
3972,2008.0
25519,2014.0
30869,2016.0
1536,2006.0
1475,1990.0
2672,1984.0
23311,2014.0
1852,2007.0
2228,1991.0
1808,2007.0
489,2005.0
2286,1989.0
2929,2007.0
31,1997.0
1212,2006.0
11179,2012.0
9959,1994.0
2903,1988.0
2254,1982.0
960,2005.0
4189,2009.0
33094,2016.0
21435,2014.0
1589,2006.0
9340,2010.0
2817,1996.0
1684,2000.0
9135,2011.0
25183,2015.0
10870,2007.0
1825,1986.0
2204,1999.0
1691,2007.0
31227,2015.0
31952,2016.0
1426,1984.0
10624,2011.0
520,1995.0
3342,2008.0
6325,2009.0
1010,1994.0
8115,2010.0
10396,2011.0
16592,2013.0
29067,2015.0
501,1973.0
9032,2010.0
1878,2007.0
16353,2013.0
2460,1988.0
2253,1973.0
8769,2010.0
11835,2011.0
16123,2014.0
30187,2015.0
15751,2013.0
10629,2011.0
2820,1989.0
113,2003.0
970,1991.0
2548,1987.0
101,2005.0
103,1994.0
3744,2002.0
6880,2011.0
484,2001.0
476,2005.0
14811,2013.0
242,2004.0
9931,1999.0
33241,2016.0
9938,2011.0
2408,2007.0
2927,2007.0
1419,1995.0
158,2004.0
23421,2014.0
5984,2009.0
8726,2010.0
3125,1982.0
24591,2014.0
25755,2014.0
30790,2015.0
763,1999.0
2969,2007.0
6676,2009.0
25731,2014.0
2656,2004.0
15925,2013.0
20509,2014.0
344,2003.0
18229,2013.0
21039,2015.0
4551,2008.0
27969,2015.0
7337,2010.0
20853,2014.0
633,1998.0
1590,2004.0
17505,2013.0
1655,2006.0
23673,2014.0
21031,2014.0
815,2005.0
7662,2010.0
2942,2007.0
1764,1994.0
4884,2008.0
1744,2002.0
878,2006.0
4038,2008.0
31245,2016.0
4970,2009.0
1078,2000.0
2665,1986.0
2676,1994.0
32696,2016.0
551,2001.0
32648,2016.0
483,2004.0
1972,1984.0
5273,1989.0
465,2006.0
1117,1999.0
710,2006.0
20709,2014.0
15793,2013.0
21573,2015.0
1815,2007.0
15307,2012.0
8098,2010.0
198,2005.0
50,2005.0
31771,2016.0
2986,2007.0
1614,2001.0
15109,2013.0
5684,2009.0
505,2005.0
15863,2013.0
246,2001.0
6574,2010.0
5150,2009.0
714,1985.0
13261,2012.0
2407,2006.0
519,2005.0
6712,2009.0
168,2001.0
1302,1981.0
5034,2009.0
1548,1981.0
2555,1988.0
565,2004.0
855,2006.0
5832,1981.0
4703,2008.0
33302,2016.0
15911,2013.0
764,2001.0
20787,2014.0
1450,2000.0
10163,2011.0
2649,2000.0
1250,2005.0
653,2002.0
14833,2013.0
3655,2008.0
463,2004.0
2107,2007.0
238,1997.0
18041,2013.0
17080,2015.0
13333,2012.0
27,2005.0
22433,2014.0
485,2005.0
2658,1988.0
6930,2009.0
3568,1996.0
1441,1985.0
15699,2013.0
18295,2013.0
3958,2008.0
845,2006.0
1090,1981.0
2472,2007.0
4437,2008.0
13659,2013.0
2141,2003.0
161,2003.0
527,1997.0
13599,2012.0
32175,2016.0
4663,1988.0
2113,1989.0
3036,1995.0
2427,1981.0
7058,2010.0
9544,2012.0
1983,2005.0
2756,2007.0
10444,2011.0
332,2000.0
2677,1990.0
2661,1992.0
19645,2014.0
21681,2014.0
1030,1994.0
31989,2016.0
3859,2008.0
22817,2014.0
335,2003.0
738,2005.0
12753,2012.0
15651,2013.0
1255,1988.0
1259,2004.0
867,1998.0
869,1996.0
2013,1999.0
5141,2009.0
2683,2007.0
3051,2007.0
5525,2009.0
1292,2007.0
3549,2008.0
3203,1990.0
2654,2001.0
2393,2003.0
12875,2012.0
287,2001.0
20689,2014.0
27829,2015.0
1410,2006.0
953,2006.0
147,2003.0
16732,2013.0
844,2004.0
7761,2010.0
3225,2008.0
6288,2010.0
2926,2007.0
272,2001.0
326,1999.0
2744,2007.0
5753,2009.0
1329,1993.0
22273,2014.0
868,1997.0
5226,2009.0
5356,2009.0
15611,2013.0
21395,2014.0
2398,2001.0
3727,1980.0
30694,2015.0
1906,2006.0
1206,1996.0
4483,2008.0
99,2005.0
1196,2005.0
4062,1985.0
5597,2009.0
4114,2006.0
1526,2005.0
4921,1993.0
2111,2005.0
3089,2008.0
944,2006.0
3457,2008.0
935,2006.0
92,1996.0
713,2005.0
3006,2002.0
2675,1996.0
2648,1995.0
4726,2009.0
27525,2015.0
3508,2007.0
6795,2008.0
386,1995.0
1663,1976.0
3335,1978.0
13271,2013.0
6980,2009.0
28623,2016.0
418,1991.0
2486,2003.0
536,1995.0
807,2005.0
32977,2016.0
282,2005.0
11697,2012.0
104,2000.0
1521,1996.0
2660,1999.0
1858,2007.0
411,2005.0
14645,2012.0
9013,2010.0
1374,2005.0
1432,1987.0
3345,1992.0
2152,2007.0
7769,2010.0
33190,2016.0
4618,2009.0
10884,2012.0
4581,2008.0
152,2005.0
75,2004.0
341,2002.0
30344,2015.0
3009,1969.0
712,2005.0
1674,1994.0
6149,1995.0
2813,1989.0
1313,2000.0
2670,1991.0
655,2004.0
22013,2014.0
8134,2010.0
1969,2006.0
4028,2008.0
1965,2007.0
8934,2010.0
19021,2013.0
3087,2009.0
2383,1999.0
1678,2001.0
17917,2013.0
902,1993.0
23539,2014.0
14765,2012.0
16035,2013.0
15379,2013.0
32871,2016.0
3577,2008.0
1013,2006.0
4056,2008.0
94,2004.0
13585,2012.0
9893,2011.0
6758,2009.0
415,1999.0
7,2002.0
30870,2016.0
2116,1983.0
1723,2007.0
61,2003.0
31163,2016.0
3230,2008.0
2484,2000.0
19951,2013.0
3418,1993.0
2544,1981.0
3272,1983.0
1516,2006.0
32245,2016.0
1967,2005.0
3467,2008.0
2385,2001.0
195,2002.0
28621,2015.0
9241,2010.0
390,2005.0
21881,2014.0
16417,2013.0
30901,2015.0
8915,2011.0
2803,1992.0
6988,2010.0
11053,2012.0
1126,2001.0
1524,2004.0
5658,1974.0
958,2002.0
4550,2008.0
25159,2014.0
3223,2007.0
634,2004.0
28013,2016.0
18391,2013.0
2736,1995.0
9999,2011.0
2386,2002.0
107,2002.0
2847,2007.0
2361,1984.0
28495,2015.0
173,2004.0
4896,2009.0
883,1994.0
1901,1986.0
10681,2012.0
9379,2011.0
2667,1983.0
2666,1989.0
2655,2002.0
893,1996.0
29325,2015.0
24231,2014.0
15785,2012.0
469,2005.0
3222,2007.0
5084,2009.0
2948,2001.0
4879,2008.0
460,2001.0
11019,2005.0
1846,1998.0
21561,2014.0
5014,1986.0
3067,1978.0
100,2001.0
5504,2009.0
12191,2012.0
1652,1980.0
3269,2007.0
11375,2012.0
10447,2012.0
2920,1980.0
1683,2003.0
11783,2012.0
2671,1982.0
2030,2007.0
2624,1992.0
1886,2006.0
10507,2011.0
28387,2015.0
52,2001.0
1416,1996.0
351,2000.0
12001,2011.0
9981,2011.0
1120,2002.0
866,2001.0
10232,2011.0
30740,2015.0
27825,2014.0
915,2005.0
2987,1983.0
3010,1996.0
16668,2013.0
2818,1989.0
333,1992.0
6262,1976.0
3437,1987.0
1835,2006.0
529,2002.0
3186,1981.0
3594,2009.0
1860,2007.0
3322,2008.0
3043,1975.0
2333,1987.0
6901,2009.0
12651,2012.0
3231,2008.0
3298,2008.0
31500,2016.0
1358,1986.0
12175,2012.0
1017,1998.0
16442,2013.0
31280,2016.0
3000,2007.0
11341,2012.0
6169,2009.0
178,2003.0
1920,1983.0
1932,2007.0
30205,2015.0
6164,2009.0
21437,2014.0
7081,2011.0
2123,2005.0
2668,1999.0
1931,2005.0
652,2002.0
395,2004.0
1490,2003.0
8120,1995.0
5041,2009.0
1371,2004.0
1116,1995.0
26441,2015.0
2901,1999.0
5079,2009.0
10456,2011.0
352,2001.0
2947,2000.0
2108,2003.0
1362,1994.0
16742,2013.0
3692,2008.0
550,1998.0
1498,2006.0
30711,2016.0
974,2004.0
24031,2014.0
2222,1981.0
14829,2013.0
1140,2006.0
6463,2006.0
20457,2014.0
2542,1983.0
2834,1993.0
14293,2012.0
613,2004.0
8133,2010.0
23987,2015.0
1108,1999.0
4382,2009.0
2747,1963.0
5397,2008.0
369,2000.0
2036,2001.0
2657,1987.0
31201,2016.0
1845,2005.0
384,2004.0
2400,1993.0
2416,1998.0
990,2006.0
144,2002.0
1145,2001.0
1086,2004.0
3670,1983.0
4198,1975.0
279,2003.0
1968,2005.0
1941,2007.0
10686,2011.0
27539,2014.0
2283,1994.0
1236,1978.0
5702,2009.0
1144,1999.0
17699,2013.0
3738,2007.0
30845,2015.0
2225,1974.0
2825,1975.0
31417,2016.0
4586,2001.0
2659,1993.0
243,2000.0
3946,1981.0
31610,2016.0
14817,2014.0
12979,2012.0
4191,1998.0
2110,2005.0
3624,1986.0
3044,1980.0
2816,1978.0
732,1985.0
9539,2011.0
1132,2002.0
2662,1981.0
2664,1998.0
5760,1969.0
4246,2009.0
1534,2006.0
11785,2012.0
2264,1997.0
28869,2015.0
206,1998.0
13409,2012.0
3305,1978.0
459,2000.0
5440,1995.0
1493,2001.0
1538,2006.0
2543,1990.0
2109,2004.0
3868,1990.0
22359,2014.0
1823,1999.0
3460,1986.0
1778,2005.0
898,1991.0
1179,2001.0
6610,2009.0
3270,2005.0
911,2005.0
690,1997.0
1164,2001.0
872,2004.0
8917,2012.0
34034,2016.0
11841,2008.0
3363,2008.0
678,1998.0
19117,2014.0
2429,1983.0
2716,1998.0
13171,2012.0
1891,1996.0
1246,2004.0
8475,2012.0
32313,2016.0
4690,1979.0
2962,2000.0
2674,1995.0
5670,2009.0
18411,2013.0
3760,1987.0
1397,1994.0
1565,2006.0
31564,2016.0
22583,2014.0
21189,2014.0
553,2000.0
482,2004.0
16201,2013.0
3079,1985.0
22677,2015.0
4286,1995.0
2199,1978.0
424,1985.0
5983,2009.0
29927,1961.0
4375,1999.0
1738,2006.0
5200,2001.0
1601,2006.0
21085,2014.0
1543,2006.0
29513,2015.0
54,2004.0
2043,1983.0
1312,1999.0
10155,2011.0
28211,2015.0
31405,2016.0
2176,2007.0
1588,2006.0
4926,1999.0
21603,2014.0
2200,1977.0
11021,2012.0
12221,2012.0
6203,2009.0
1101,1997.0
19383,2013.0
1264,1988.0
3505,1996.0
19877,2013.0
6747,2010.0
2669,1985.0
2678,1997.0
10115,2011.0
30290,2015.0
729,1987.0
4549,2008.0
16890,2013.0
3752,1976.0
2490,2004.0
1564,2002.0
592,2003.0
31919,2016.0
32094,2016.0
20047,2014.0
478,2005.0
2452,1982.0
23587,2015.0
2331,1981.0
3446,2008.0
568,1998.0
831,2001.0
1796,1987.0
393,2000.0
28539,2016.0
1261,1990.0
149,2005.0
33299,2016.0
2931,2007.0
30016,2016.0
350,1999.0
7144,2009.0
3614,2008.0
754,2005.0
26165,2015.0
493,1996.0
5032,2010.0
2907,1999.0
2651,1998.0
5197,1993.0
1829,2006.0
23083,2014.0
247,2004.0
8206,2010.0
606,2000.0
2077,1996.0
604,1998.0
2044,1983.0
5030,2009.0
1110,2004.0
2279,1969.0
3059,1985.0
1199,1993.0
461,2002.0
1569,2006.0
11009,2006.0
2369,2007.0
20973,2014.0
6098,2009.0
2470,1978.0
3486,1993.0
32717,2016.0
31080,2016.0
284,2004.0
286,1996.0
19067,2014.0
2815,1987.0
3110,1992.0
17741,2013.0
252,2004.0
10690,2012.0
33003,2016.0
442,2004.0
27441,2015.0
32038,2016.0
2011,1999.0
3137,1980.0
1922,1985.0
30419,2015.0
548,2003.0
31588,2016.0
7152,2009.0
1554,2006.0
751,2002.0
34077,2016.0
3432,1997.0
30383,2015.0
2913,1992.0
3033,2002.0
16385,2015.0
5267,1975.0
3327,1984.0
1592,2006.0
20673,2013.0
1025,1999.0
2130,2007.0
33511,
620,2003.0
7308,1979.0
1688,2007.0
1209,2003.0
2489,2005.0
24211,2014.0
325,2005.0
1118,2000.0
907,2006.0
23135,2014.0
758,2003.0
6974,2010.0
4021,2008.0
5220,2009.0
876,1995.0
760,2005.0
31370,2016.0
343,2004.0
27655,2015.0
9346,2010.0
17677,2013.0
16157,2013.0
1726,2007.0
2652,2002.0
2950,2006.0
2819,1990.0
1046,1997.0
2799,1981.0
29785,2015.0
912,1995.0
32013,2016.0
1492,2001.0
2758,1993.0
29163,2015.0
2577,1980.0
3737,2006.0
28841,2015.0
1207,1984.0
48,2002.0
230,2003.0
929,1983.0
32802,2016.0
23991,2014.0
8394,1968.0
900,1992.0
383,2001.0
4983,2008.0
475,2005.0
3638,2004.0
10372,2011.0
7904,2010.0
10336,2011.0
2151,1980.0
5520,2007.0
2805,1985.0
4742,1999.0
6178,2009.0
3493,2007.0
22687,2014.0
58,1999.0
2561,1978.0
16726,2013.0
1022,1998.0
2997,1986.0
8630,2011.0
2335,1993.0
31815,2016.0
1138,1999.0
3656,2008.0
3136,1982.0
9798,2010.0
7695,2010.0
1258,1988.0
30649,2015.0
33433,2016.0
2604,2007.0
12321,2012.0
961,1995.0
4773,1994.0
7366,1995.0
5071,2003.0
3561,2001.0
18097,2013.0
33490,2016.0
968,2006.0
5834,1968.0
1137,2000.0
2084,1990.0
6219,2012.0
2570,1991.0
10592,2011.0
31229,2016.0
3332,1983.0
4651,1997.0
2810,1991.0
27727,2015.0
9348,1992.0
9200,2007.0
1826,2007.0
3312,1997.0
903,1994.0
32607,2016.0
2157,2007.0
796,1996.0
3837,1988.0
521,2003.0
10659,2010.0
3424,2008.0
2713,2006.0
32105,2016.0
7014,2011.0
20969,2014.0
3754,1984.0
3072,1983.0
5342,2009.0
930,1980.0
859,2006.0
3032,2001.0
116,1995.0
2389,1972.0
1184,1998.0
3313,1994.0
8234,1969.0
525,2004.0
1122,2004.0
4026,2008.0
169,2003.0
342,2005.0
5895,1990.0
1128,2003.0
4415,2008.0
1028,2001.0
32494,2016.0
7643,1999.0
892,1988.0
899,1992.0
13163,2012.0
2717,2006.0
21431,2014.0
3807,1985.0
3811,1978.0
598,2000.0
31670,2016.0
3653,2008.0
1435,1978.0
4051,2008.0
621,1998.0
607,2006.0
3847,1977.0
5307,2009.0
10821,2011.0
28257,2015.0
311,1973.0
3829,1995.0
14913,2012.0
21729,2014.0
1049,1982.0
3116,1989.0
5534,1988.0
4876,1992.0
5039,2008.0
162,2002.0
21027,2013.0
3751,1980.0
30375,2015.0
1568,2006.0
2491,1986.0
1925,1991.0
9331,2011.0
2706,1997.0
11285,2012.0
3407,2008.0
31196,2015.0
127,2000.0
2165,2007.0
3579,1974.0
5217,1994.0
6902,2010.0
1260,1989.0
5203,1987.0
4810,1973.0
2415,1997.0
1208,1979.0
1892,1998.0
15489,2012.0
873,2006.0
9776,2011.0
8,2004.0
13145,2012.0
16512,2013.0
9314,2011.0
11809,2011.0
5688,1968.0
2916,1992.0
456,2005.0
1180,1997.0
3281,1991.0
9712,2011.0
32534,2015.0
16910,2013.0
12119,2012.0
12281,2012.0
1710,2002.0
12223,2012.0
31374,2015.0
10014,2011.0
1897,1991.0
308,2005.0
2404,2007.0
8285,1982.0
1844,1997.0
502,1986.0
1465,2001.0
2749,1993.0
4935,1975.0
143,2004.0
5235,2008.0
1400,1995.0
4807,1990.0
2573,1982.0
31231,2016.0
1119,2001.0
1256,1987.0
789,2006.0
26453,2014.0
5992,1992.0
2006,1999.0
303,1998.0
3359,2008.0
280,2005.0
27653,2015.0
8624,2010.0
28221,2015.0
5155,2009.0
2280,1997.0
21511,2015.0
580,2001.0
31884,2016.0
1951,1987.0
17115,2013.0
16678,2013.0
32160,2016.0
31559,2016.0
28625,2015.0
7768,2010.0
4208,1980.0
2625,1997.0
687,2002.0
711,1977.0
2746,2007.0
19023,2014.0
1249,2001.0
31763,2016.0
11703,2012.0
891,1987.0
12035,2011.0
1929,2005.0
20945,2006.0
5968,2006.0
1578,2006.0
1032,1990.0
33197,2016.0
2613,1999.0
31442,2016.0
229,2004.0
1942,2007.0
508,2000.0
1549,1982.0
971,2003.0
1668,2003.0
1186,1997.0
2118,1985.0
10116,2011.0
956,1976.0
3031,2002.0
126,2005.0
3519,2003.0
4240,1981.0
12481,2000.0
2230,1979.0
1192,2004.0
2487,1995.0
2501,2003.0
2201,2006.0
212,1986.0
11227,2012.0
419,2002.0
11751,2012.0
2578,1983.0
1587,2006.0
2715,1998.0
492,2002.0
405,2000.0
3690,1999.0
2055,1993.0
2722,1983.0
5136,2007.0
7109,2001.0
3710,2008.0
1040,1996.0
9693,2011.0
5023,1969.0
561,2000.0
4332,1972.0
2029,1981.0
2493,1987.0
30355,2015.0
11837,2012.0
9547,1979.0
3631,1989.0
750,2006.0
2684,2007.0
2121,1986.0
32483,2016.0
9154,1999.0
2215,2007.0
5091,1979.0
1792,2002.0
13377,2012.0
19365,2013.0
30806,2016.0
884,2004.0
19841,2013.0
21851,2014.0
5830,1988.0
3501,2008.0
292,2003.0
896,1990.0
603,2004.0
12163,2007.0
2569,1989.0
636,2004.0
2772,2007.0
5967,2004.0
3547,2003.0
5891,1983.0
20889,2014.0
32153,2015.0
2707,2005.0
1509,2006.0
936,2005.0
800,2000.0
4054,1999.0
9884,1966.0
2363,2003.0
6973,2010.0
1703,2006.0
2492,1986.0
3317,1986.0
1923,1986.0
2087,1996.0
3196,1977.0
2554,1986.0
28391,2016.0
812,2001.0
10259,2016.0
1837,2003.0
2646,1996.0
1930,2005.0
22189,2014.0
30039,2015.0
31068,2011.0
3349,2009.0
28423,2015.0
89,1993.0
5395,1993.0
12863,2012.0
8092,1997.0
11241,2012.0
25907,2016.0
24347,2014.0
2757,1995.0
2243,1990.0
2223,1986.0
4086,1993.0
23849,2014.0
1727,2007.0
882,1993.0
2682,1994.0
266,2003.0
17497,2013.0
10346,2011.0
7845,1989.0
1603,2006.0
20473,2013.0
33589,2016.0
4548,2008.0
313,1979.0
244,2004.0
1214,2006.0
2259,2001.0
1230,2006.0
21671,2014.0
11079,2012.0
1707,2002.0
670,2005.0
630,1999.0
83,1998.0
2144,2006.0
5940,2009.0
23201,2014.0
1517,1998.0
1532,2005.0
4532,1991.0
19157,2014.0
285,2000.0
5311,1972.0
109,2004.0
29589,2015.0
115,1998.0
10348,2011.0
3367,2007.0
2793,1980.0
1448,1981.0
1018,1999.0
5249,1990.0
9917,2011.0
25805,2015.0
9806,2007.0
2965,2007.0
544,1989.0
2316,1970.0
2289,1999.0
6032,2007.0
13029,2012.0
4151,2008.0
1068,1976.0
17357,2013.0
2645,2001.0
894,1989.0
9330,2011.0
6055,1988.0
4124,2006.0
1760,1983.0
4334,2010.0
509,2001.0
5296,1997.0
3129,1968.0
1502,1996.0
4406,1974.0
10370,2011.0
2614,1984.0
2231,1983.0
9883,1988.0
1121,2003.0
3765,1990.0
2510,1981.0
3098,2003.0
4066,2008.0
10513,2011.0
5104,1975.0
27737,2015.0
1629,1998.0
3646,2005.0
24909,2014.0
146,2004.0
554,1999.0
3425,1996.0
2933,1983.0
1290,2002.0
4936,1981.0
10740,2011.0
1882,2006.0
6056,1968.0
3159,1982.0
33037,2016.0
278,2004.0
4083,1986.0
3193,2002.0
33041,2016.0
694,2005.0
1219,2006.0
25383,2015.0
8536,2010.0
21407,2014.0
1721,2007.0
8228,1997.0
727,1991.0
1469,1999.0
942,2006.0
2611,1972.0
1638,1989.0
7245,1995.0
623,2002.0
10502,2011.0
18121,2013.0
605,1999.0
31430,2016.0
5763,1979.0
2884,2006.0
2688,1987.0
27815,2014.0
111,1999.0
2166,2007.0
3053,1986.0
3146,2007.0
6069,1999.0
2178,2007.0
2938,1989.0
219,1998.0
4073,1977.0
7135,2011.0
860,2006.0
3162,1984.0
8410,2010.0
88,1991.0
13201,2000.0
21325,2014.0
1377,2004.0
965,2006.0
2120,1986.0
16419,2013.0
895,1990.0
1599,1998.0
29868,2015.0
3689,1998.0
1597,2002.0
7793,2010.0
33031,2016.0
1541,2006.0
14629,2012.0
3672,1994.0
4943,1985.0
2964,2007.0
2119,1985.0
296,2002.0
7435,1991.0
12471,2012.0
12461,2012.0
3326,2007.0
12963,2012.0
4262,2008.0
2695,1992.0
1243,2006.0
1035,2005.0
26395,2015.0
28835,2015.0
688,2004.0
31147,2015.0
16355,2013.0
4486,1975.0
3602,1998.0
646,1997.0
1082,2004.0
9957,1994.0
2598,1984.0
273,2003.0
6560,2000.0
30567,2015.0
2633,2000.0
5143,1983.0
5505,2009.0
2128,1975.0
33419,2016.0
2579,1984.0
4657,2009.0
2705,1996.0
11457,2011.0
12499,2012.0
2814,1988.0
4362,2008.0
3012,2001.0
10359,2011.0
757,2000.0
865,1987.0
4411,1979.0
5526,1998.0
19825,2013.0
7536,2009.0
6162,2009.0
1550,1970.0
2255,1985.0
2703,1998.0
15547,2012.0
293,1999.0
563,1994.0
378,2002.0
30651,2015.0
3659,2006.0
3182,2004.0
10114,2011.0
2783,1992.0
1771,2006.0
11635,2012.0
4031,1988.0
2934,2001.0
2811,1969.0
2620,2007.0
924,1988.0
3964,2002.0
17082,2013.0
4339,1977.0
2786,2006.0
5082,2008.0
723,1992.0
8956,2002.0
897,1991.0
13755,1988.0
6971,1971.0
771,2006.0
4211,1997.0
5129,2003.0
24629,2015.0
21835,2014.0
4306,2006.0
4468,1992.0
1247,2006.0
4723,1986.0
7329,2001.0
14853,2012.0
447,1998.0
2334,1989.0
1893,1995.0
32664,2016.0
8123,1992.0
6527,2009.0
5250,1984.0
3720,1974.0
9773,1988.0
19855,2014.0
616,1995.0
10197,2011.0
1300,1999.0
2826,1986.0
25859,2015.0
2511,1985.0
2612,1983.0
32555,2016.0
10074,2011.0
926,1989.0
21845,2014.0
14355,2013.0
19429,2014.0
2576,1977.0
9858,1997.0
1123,2005.0
6855,1964.0
234,2004.0
271,2003.0
8208,1996.0
2704,1998.0
3935,2000.0
1433,1985.0
28817,2015.0
33741,2016.0
13173,2012.0
1881,2006.0
32228,2016.0
23067,2014.0
3069,1980.0
3021,1984.0
1497,1962.0
288,2001.0
32379,2016.0
2802,1978.0
4201,1996.0
11177,2011.0
2795,2007.0
17919,2015.0
4808,1974.0
667,2006.0
18495,2013.0
25939,2015.0
86,1986.0
8235,1972.0
2970,2007.0
21177,2014.0
21707,2014.0
25857,2015.0
919,2006.0
11491,2012.0
3024,1967.0
5201,1992.0
533,2004.0
420,1998.0
12857,2013.0
10702,2011.0
7330,2002.0
1675,2003.0
4101,2006.0
2089,1983.0
8632,2010.0
2653,2001.0
1317,2004.0
3355,2002.0
850,2006.0
385,2003.0
12483,2000.0
2831,1980.0
1204,1998.0
671,2006.0
5953,1991.0
1161,1997.0
3836,1981.0
11615,2011.0
2603,2007.0
12663,1983.0
18099,2013.0
2628,1999.0
6670,2009.0
3271,2002.0
12745,1987.0
7619,1996.0
5936,1990.0
3130,1980.0
17731,2013.0
12279,2002.0
2106,2007.0
518,1982.0
626,1998.0
3438,1991.0
4793,2000.0
2161,2007.0
1618,1999.0
31440,2015.0
1737,1980.0
3835,1981.0
20543,2013.0
9119,1992.0
1752,2001.0
2042,1989.0
17679,2013.0
6653,1980.0
3037,1994.0
1325,1996.0
1316,2005.0
2556,1989.0
618,2003.0
4050,2005.0
222,2004.0
32962,2016.0
17573,2012.0
9107,2010.0
14093,2012.0
2033,2002.0
3761,1981.0
2032,2007.0
1533,1995.0
33046,2016.0
1669,2002.0
1136,1999.0
2495,2001.0
4503,1984.0
2650,1981.0
7436,1992.0
7307,1985.0
3481,1976.0
1409,2003.0
2565,1966.0
148,2004.0
16756,2011.0
2980,1995.0
2039,1984.0
8245,2010.0
26351,2015.0
3827,1977.0
23209,2014.0
15125,2012.0
10005,2007.0
473,2005.0
20267,2014.0
29017,2015.0
11755,2012.0
1962,2001.0
2224,1986.0
6008,2009.0
1660,1998.0
2038,1985.0
4052,2000.0
8783,1979.0
24705,2014.0
3366,2008.0
2619,2006.0
33811,2016.0
17233,2011.0
3008,1977.0
6129,2009.0
3077,1989.0
315,1997.0
298,2003.0
2221,1983.0
8950,2010.0
1149,2004.0
236,2003.0
504,1994.0
11268,1975.0
7285,2009.0
1706,2002.0
1466,1997.0
1848,1994.0
6087,1977.0
16906,2013.0
1445,1967.0
3388,1974.0
4782,1995.0
776,2003.0
24075,2014.0
21569,2014.0
11073,1998.0
28619,2015.0
421,2003.0
928,2005.0
347,1999.0
2467,1988.0
2709,1998.0
4197,2008.0
1194,2006.0
5618,1972.0
782,1998.0
1019,2002.0
28207,2015.0
3866,1990.0
1070,2006.0
6779,1993.0
10156,2011.0
14515,2013.0
3809,1994.0
175,2002.0
2546,1983.0
10689,2011.0
17493,2005.0
2732,2002.0
10490,2011.0
406,2005.0
31636,2016.0
8546,1982.0
5945,2009.0
7477,1988.0
6117,2009.0
6728,1981.0
2390,2001.0
9495,2001.0
635,1999.0
590,2006.0
15347,1984.0
3550,1996.0
9934,2011.0
2912,1981.0
3900,1967.0
3806,1982.0
8542,1978.0
3915,1975.0
5833,1980.0
10324,2011.0
5022,1979.0
1198,2006.0
2288,1998.0
9549,1996.0
11017,2011.0
1672,1998.0
1853,1997.0
2606,2006.0
7666,1981.0
6028,1984.0
225,1996.0
7364,1992.0
10527,2008.0
4199,1979.0
3488,1987.0
22123,2014.0
4119,1989.0
31344,2014.0
496,1985.0
23133,2014.0
5962,2009.0
7664,1985.0
5529,2003.0
4514,1977.0
3668,2008.0
2282,1997.0
2284,2000.0
3963,2002.0
4183,1980.0
6672,1984.0
446,2002.0
3874,1992.0
1670,2002.0
2769,1984.0
4244,1983.0
32011,2016.0
1839,2004.0
2074,1997.0
1617,2003.0
1806,1997.0
4795,2002.0
32360,2016.0
10308,2011.0
4515,1979.0
7082,2009.0
916,2006.0
2105,2007.0
1130,1986.0
3325,1990.0
1673,1999.0
1704,1997.0
8503,1998.0
2060,1986.0
2804,1992.0
840,2003.0
31848,2016.0
1978,1997.0
13799,2012.0
23,2004.0
7839,
32601,2016.0
375,1998.0
6511,1999.0
2801,1978.0
119,2004.0
973,2006.0
2211,1984.0
1572,1965.0
1810,2007.0
7103,2009.0
2456,1987.0
4112,
6428,1983.0
14921,2013.0
5636,1999.0
31716,2016.0
1005,2001.0
979,1999.0
925,1987.0
744,1999.0
7160,1984.0
3812,1985.0
10693,2011.0
16518,2013.0
6383,1974.0
289,2001.0
706,2005.0
1676,2001.0
1661,1973.0
11385,2011.0
7112,2006.0
1694,2007.0
17831,2013.0
10016,2011.0
2568,1983.0
4439,1969.0
3823,1976.0
12671,2012.0
4794,2001.0
12267,2011.0
2686,1963.0
33341,2016.0
8108,2003.0
1986,1977.0
155,1996.0
3295,2008.0
1894,2004.0
20533,2014.0
2041,1994.0
9548,1996.0
5276,2007.0
33421,2016.0
3436,1983.0
1062,1999.0
2710,1996.0
6609,2006.0
9916,1973.0
28283,2015.0
13679,2006.0
30437,2015.0
8598,1981.0
3800,1977.0
3081,1984.0
3389,2008.0
5189,1997.0
3035,1988.0
3185,1997.0
11307,1982.0
10338,2011.0
2895,2001.0
3054,1975.0
4640,1990.0
31621,2016.0
16680,2013.0
25867,2015.0
27741,2015.0
2766,1998.0
4427,1988.0
6468,1971.0
5535,1992.0
4387,1976.0
1370,2002.0
31573,2015.0
9558,2010.0
3522,1984.0
1189,1999.0
5883,2009.0
19271,2002.0
3433,1986.0
9900,2000.0
3435,1978.0
3878,1980.0
31560,2015.0
32829,2016.0
6625,2001.0
31452,2016.0
4792,1999.0
1693,2007.0
10687,2014.0
19919,2013.0
2699,1999.0
4371,1981.0
17092,1988.0
30127,2015.0
17705,2013.0
4554,1998.0
125,2004.0
8538,2010.0
20381,1966.0
5153,1984.0
4504,1991.0
31866,2016.0
4536,1980.0
8487,2011.0
4013,1976.0
2031,2007.0
684,2003.0
21353,2014.0
33377,2016.0
4132,1981.0
718,1998.0
13253,2012.0
33222,2016.0
26053,2008.0
6472,1994.0
8839,2001.0
2207,1996.0
6375,1979.0
3273,1984.0
6509,1988.0
10671,2011.0
612,2005.0
4962,2000.0
8900,2006.0
4067,2000.0
1044,1968.0
2560,1980.0
2552,2007.0
55,1999.0
3842,1971.0
5476,1971.0
30030,2015.0
1793,1990.0
799,2001.0
5225,1969.0
9789,2007.0
1141,2002.0
9077,1992.0
4481,1960.0
4068,2002.0
8139,1974.0
10723,2011.0
2626,1998.0
16347,2013.0
30795,2016.0
10055,1996.0
28921,2015.0
20441,1986.0
30384,2015.0
4314,2005.0
17873,2013.0
1960,1988.0
34009,2016.0
810,1998.0
9881,1977.0
7578,1996.0
9291,1989.0
23787,2014.0
8140,1989.0
4209,2008.0
10808,2011.0
1807,2007.0
10810,2008.0
9078,1993.0
1724,2007.0
17821,2013.0
950,2005.0
7522,2007.0
8109,2004.0
28155,2015.0
29863,2015.0
9795,2003.0
25457,2014.0
105,2000.0
4383,2008.0
2836,1974.0
2771,1994.0
14989,2012.0
7336,1980.0
13139,2012.0
3776,2001.0
30721,2015.0
20469,2012.0
23121,2014.0
1456,2003.0
13231,2012.0
2047,1964.0
7117,1978.0
21571,2014.0
12929,2012.0
4524,2001.0
171,2000.0
2718,1972.0
1746,2004.0
32301,2016.0
6093,1986.0
1666,1973.0
7395,2005.0
33240,2016.0
8375,1977.0
7048,2003.0
6518,2007.0
8215,1991.0
1988,2007.0
3873,1981.0
3099,1995.0
6374,1978.0
3609,1982.0
6310,2001.0
3876,1980.0
9395,2010.0
4316,2006.0
5938,2008.0
28511,2015.0
3757,1982.0
5454,2009.0
10015,2011.0
7176,2009.0
8815,2008.0
1600,2006.0
4242,1982.0
4597,1973.0
8332,2008.0
25283,2015.0
4933,1980.0
1163,1998.0
3194,1991.0
163,1999.0
417,2004.0
7496,1926.0
28861,2015.0
943,2006.0
2702,1999.0
6119,2009.0
9479,2013.0
7157,1993.0
5496,2008.0
2809,1977.0
18771,2013.0
3810,1980.0
2503,1992.0
3758,1973.0
2234,2004.0
8287,2010.0
23325,2014.0
4154,1981.0
3075,1982.0
22249,2013.0
6452,1983.0
6629,1982.0
5070,1998.0
348,2003.0
2142,2007.0
5238,2009.0
2312,1984.0
2252,1972.0
1537,1971.0
1574,2004.0
13185,2012.0
3683,1971.0
31566,2015.0
32274,2016.0
31534,2011.0
888,2000.0
23399,
2740,2004.0
608,2001.0
1872,2006.0
677,1998.0
817,2006.0
1458,1975.0
1607,2007.0
5935,1979.0
2915,1997.0
7158,1994.0
336,2004.0
2071,1997.0
13935,2012.0
3969,1982.0
3153,1978.0
30524,2015.0
32682,2016.0
3274,1984.0
13159,2012.0
2040,1990.0
13239,2012.0
7981,1985.0
20931,2014.0
7605,1989.0
12611,2012.0
9799,2010.0
1816,2003.0
4801,2003.0
2428,1979.0
18063,1970.0
22537,2014.0
3114,1999.0
10319,1992.0
17651,2013.0
2687,1967.0
5131,1976.0
4511,1980.0
4800,1994.0
1083,2003.0
3875,1989.0
4388,
3147,1999.0
20033,2013.0
3444,1979.0
18061,1970.0
5272,1979.0
5917,1993.0
3691,1991.0
2806,1992.0
2564,2007.0
1221,2006.0
2572,1983.0
7547,2006.0
23831,2013.0
5265,
30291,2015.0
3399,1981.0
3755,1978.0
14333,2012.0
7626,1979.0
4099,2005.0
1107,1987.0
14693,2012.0
17325,1990.0
5848,2007.0
1333,1984.0
17147,2013.0
5956,1986.0
2621,1981.0
988,2005.0
2099,1991.0
10342,1964.0
8553,1980.0
6919,2011.0
3131,1984.0
3166,2008.0
5337,2010.0
21677,2014.0
6970,1977.0
833,2002.0
10528,2010.0
21167,2014.0
1361,2001.0
19367,2013.0
30895,2016.0
23697,2007.0
18845,2012.0
31223,2016.0
3201,1983.0
1048,2001.0
4475,2005.0
3905,1963.0
9166,1970.0
3132,1992.0
3202,1993.0
2647,1989.0
5088,2000.0
909,2001.0
8450,1994.0
31630,2016.0
1193,2005.0
1884,2006.0
3285,1969.0
2293,1986.0
3932,1976.0
3356,1967.0
5386,2009.0
33038,2016.0
2550,1985.0
10013,2011.0
4667,2005.0
13169,2012.0
69,2005.0
7816,1993.0
8145,2008.0
5600,1984.0
3676,1986.0
4113,1970.0
6277,1976.0
6130,2009.0
3619,1983.0
4459,1998.0
2153,2007.0
6397,1974.0
2631,2002.0
12361,2000.0
32023,2016.0
8547,1985.0
3880,1982.0
7079,2010.0
20907,2014.0
5223,1986.0
8373,1982.0
27629,2015.0
184,2005.0
3704,2008.0
8194,1989.0
32670,2016.0
7667,1983.0
1314,1998.0
3101,2003.0
5292,1991.0
1883,2004.0
9990,2011.0
10802,2011.0
2233,2003.0
6303,1967.0
6674,1991.0
3472,1966.0
2008,1992.0
4044,1968.0
6075,1999.0
9163,1970.0
5829,1976.0
2127,1996.0
7718,2009.0
7551,1976.0
13639,2012.0
910,2006.0
3660,1986.0
2133,2002.0
470,2005.0
28853,2015.0
31914,2016.0
28085,2014.0
13863,2013.0
159,2004.0
1865,2007.0
952,2001.0
7171,1972.0
2100,1992.0
4853,1982.0
32881,2016.0
6731,1986.0
6693,2009.0
4025,1994.0
4563,2006.0
2822,1997.0
295,2004.0
29722,2015.0
8146,1996.0
4737,2006.0
3858,1970.0
31804,2016.0
7598,2010.0
3571,1997.0
3881,1978.0
2571,1975.0
614,2005.0
3361,1976.0
2024,2006.0
8548,1994.0
1868,2006.0
4385,1975.0
4386,1975.0
3838,1988.0
3278,1986.0
4023,1994.0
4049,2005.0
349,2005.0
19257,2013.0
8960,2010.0
5006,1972.0
9106,1998.0
9015,1991.0
3819,1971.0
31540,2016.0
33668,2016.0
18637,2003.0
8449,2010.0
8961,2010.0
10405,2011.0
17681,2013.0
3914,1999.0
14237,2012.0
33314,2016.0
3015,1992.0
3022,1985.0
4513,1958.0
4928,1990.0
3315,1991.0
3276,1985.0
2162,2007.0
555,2001.0
32041,2014.0
1713,2003.0
10526,2007.0
5375,1998.0
28883,2015.0
360,1999.0
3839,1998.0
7729,1979.0
2075,1996.0
749,2004.0
19731,1994.0
3768,2005.0
980,2002.0
11049,1987.0
9566,2010.0
30751,2015.0
4591,1998.0
1583,2006.0
15085,2013.0
7779,1971.0
7752,1999.0
14277,2012.0
22733,2014.0
6062,2009.0
32785,2016.0
8157,1997.0
2281,1998.0
1591,2006.0
3475,1987.0
31927,2016.0
23433,2014.0
12123,2012.0
2789,2004.0
2156,2007.0
301,2003.0
1337,1973.0
2523,2005.0
7170,1979.0
1547,1965.0
29511,2015.0
1508,2000.0
13175,2012.0
3724,2005.0
927,2004.0
2700,1999.0
791,1986.0
9165,1970.0
2760,1982.0
4443,2004.0
10524,2011.0
8149,
16149,2013.0
23897,2013.0
4614,1980.0
835,2002.0
8011,1982.0
5344,1983.0
5098,1968.0
1380,2002.0
2885,1997.0
13215,2012.0
3834,1974.0
1777,1992.0
19401,2002.0
10562,1976.0
9254,2008.0
337,2002.0
32308,
9424,1998.0
15313,2012.0
2840,1998.0
8812,1998.0
10194,2002.0
6872,1966.0
8491,2006.0
21997,2012.0
9880,1988.0
8584,1982.0
3215,2003.0
2423,1986.0
577,2006.0
31923,2015.0
4024,1987.0
2406,1969.0
10349,2011.0
30585,2015.0
17959,2003.0
5475,2000.0
12867,2010.0
2566,2000.0
6822,2009.0
3290,2001.0
8240,1975.0
9595,2010.0
6920,2011.0
8550,1999.0
8150,1980.0
31762,2016.0
8141,2010.0
6994,1959.0
8848,1992.0
11595,1983.0
22215,2014.0
2770,1984.0
4948,1959.0
33023,2016.0
6688,2009.0
3120,1985.0
1494,1994.0
7405,1991.0
2738,2003.0
511,2005.0
7376,1979.0
30652,2016.0
15177,2012.0
4599,1993.0
3115,1986.0
7334,2011.0
6496,1997.0
9972,1983.0
23333,2014.0
7252,1981.0
9598,2011.0
7723,2009.0
7169,1990.0
9172,1970.0
3723,1984.0
5725,2008.0
33795,2016.0
3877,1979.0
445,2001.0
17969,2013.0
30865,2013.0
24699,2014.0
6077,2006.0
231,2002.0
9164,1971.0
25965,2007.0
31049,2016.0
4095,1991.0
2285,2006.0
1552,1988.0
31091,2015.0
6695,2004.0
1628,2002.0
3898,1973.0
2244,2006.0
309,2005.0
7610,1961.0
6095,1995.0
1542,1998.0
3808,1984.0
8152,1985.0
3155,1992.0
1899,1999.0
1188,1998.0
3936,1983.0
6523,2003.0
11561,1977.0
6899,2009.0
6900,2009.0
4584,1988.0
10330,2018.0
8132,2010.0
1157,2001.0
3151,2001.0
141,2005.0
24417,2014.0
1984,1964.0
7247,2009.0
11873,1987.0
32039,2016.0
13143,2012.0
10177,2011.0
904,1994.0
3294,1977.0
3020,1984.0
1139,1998.0
838,2003.0
5314,2000.0
11791,2003.0
17963,2004.0
5474,2002.0
18767,2013.0
2981,1992.0
18755,2013.0
7491,1996.0
23409,2014.0
29765,2009.0
11547,2011.0
10525,2006.0
32309,2016.0
20053,2014.0
6074,1992.0
21523,2013.0
2823,1974.0
5289,1998.0
2830,1970.0
7290,1967.0
2287,2002.0
9951,1981.0
7876,1982.0
20555,2014.0
854,2006.0
2388,2006.0
31221,2015.0
28251,2014.0
8216,1992.0
1224,2002.0
5421,2005.0
22547,2014.0
11705,2012.0
7867,2012.0
2545,1976.0
5287,1977.0
6875,2010.0
4461,2007.0
24835,2014.0
2567,1976.0
17165,1979.0
9768,1994.0
7510,2005.0
8964,2010.0
31994,2016.0
4444,2007.0
12589,1993.0
2827,1974.0
3840,2008.0
6680,1976.0
15883,2013.0
6965,1993.0
30922,2016.0
1093,1988.0
6918,2011.0
9282,2010.0
1200,2006.0
28791,2015.0
32083,2016.0
3845,1972.0
1885,2007.0
2226,1984.0
8842,1993.0
10199,1999.0
4616,1988.0
21999,2013.0
17727,2013.0
1156,2001.0
1955,2004.0
2851,1995.0
6889,1979.0
8928,2005.0
25967,2009.0
5469,2004.0
6071,1980.0
11693,1971.0
1975,2000.0
12367,2012.0
2314,1991.0
22831,2014.0
16211,2013.0
23037,2014.0
2723,1999.0
19165,2013.0
2833,1965.0
3434,1985.0
12965,2012.0
7532,1956.0
1175,1994.0
11919,2008.0
5628,1991.0
5673,1992.0
19959,1977.0
2824,1999.0
3178,1989.0
1990,1997.0
9098,1993.0
10688,2011.0
10869,2010.0
7621,1958.0
15043,2012.0
2892,1969.0
19769,2014.0
21013,2014.0
545,2003.0
12393,1994.0
34048,2016.0
7004,1992.0
310,1991.0
5052,1963.0
10908,2011.0
31044,2015.0
22847,2013.0
12677,2012.0
2781,1998.0
10718,1997.0
5515,1978.0
1349,1999.0
32171,2016.0
32353,2016.0
1106,1997.0
5178,2009.0
32805,2016.0
5503,2006.0
4907,1979.0
515,1995.0
8409,2010.0
3176,1998.0
30851,2015.0
2245,1999.0
23151,2014.0
10261,2011.0
4615,1973.0
2575,1975.0
22099,2014.0
3576,2007.0
29517,2015.0
17719,1990.0
18365,2013.0
22381,2014.0
546,2004.0
8130,1984.0
32563,2011.0
5157,2000.0
7156,1985.0
10501,2011.0
8490,2000.0
19871,2013.0
9978,1976.0
1167,2004.0
5027,2008.0
18205,2014.0
33392,2016.0
3258,1987.0
216,2002.0
4471,2007.0
29758,2016.0
6985,2009.0
7420,2005.0
4091,2004.0
328,2002.0
9385,1982.0
21067,2014.0
12145,2005.0
8551,2007.0
3104,2001.0
12569,1989.0
25999,2015.0
3630,1973.0
30886,1963.0
4097,1973.0
31890,2016.0
1037,2003.0
4264,2008.0
8181,1991.0
294,2003.0
8252,
12971,1989.0
1947,2002.0
6993,1957.0
1740,2006.0
28247,2015.0
6311,1971.0
8707,1977.0
3669,2005.0
9264,1980.0
1769,2000.0
22735,2014.0
12851,1989.0
858,2005.0
31109,2016.0
1991,2007.0
7461,2009.0
14045,2013.0
1912,2006.0
28991,2012.0
6798,2007.0
1226,1999.0
7257,1974.0
7771,1977.0
9274,
18109,2013.0
8213,1976.0
20961,2014.0
1098,2001.0
1378,1989.0
307,1973.0
31631,2016.0
32961,2016.0
33775,2016.0
17965,1999.0
2882,1981.0
15749,2012.0
31018,2015.0
24855,2014.0
22835,2014.0
10217,2011.0
31793,2016.0
32772,2016.0
31790,2016.0
56,2003.0
3763,1990.0
2382,2003.0
1623,2002.0
4210,1987.0
16317,2013.0
9087,1991.0
16506,1980.0
6189,2009.0
17127,2013.0
17141,2013.0
14347,2013.0
5090,1982.0
31318,2015.0
17733,2013.0
28419,1937.0
15795,2013.0
29943,2012.0
21081,1984.0
30053,2007.0
30746,2015.0
9627,2010.0
33244,2016.0
1154,1993.0
16405,2013.0
23551,2014.0
33985,2016.0
5889,2005.0
28537,2015.0
23213,2014.0
5875,1929.0
3990,1943.0
23229,2014.0
16381,2014.0
1866,1995.0
32571,2016.0
5620,1975.0
27757,2013.0
832,2000.0
3573,2008.0
31777,2015.0
4823,2006.0
9279,1977.0
32947,2016.0
1685,2002.0
7561,2010.0
31143,2015.0
786,2004.0
3192,1986.0
1664,2001.0
2574,1972.0
8972,1985.0
1989,1965.0
2727,2004.0
16798,1985.0
29772,2007.0
7985,2000.0
31972,1988.0
33746,2016.0
30382,2015.0
7786,1962.0
7807,1980.0
32454,2016.0
10904,2011.0
31710,2016.0
1775,1998.0
1712,2002.0
1743,1998.0
5662,1947.0
9521,1941.0
3843,1971.0
4908,2008.0
30091,2015.0
33771,2016.0
23259,2014.0
31769,2013.0
6907,1992.0
29585,1971.0
17267,2013.0
10958,2011.0
21421,2014.0
3736,2001.0
2311,1984.0
16169,2013.0
30967,1993.0
31157,2016.0
2876,1979.0
17387,1917.0
4104,2003.0
4929,1997.0
21427,2014.0
1936,1997.0
3496,2003.0
31549,2015.0
30920,2016.0
5232,1967.0
10375,2005.0
4147,2003.0
21821,2014.0
9053,2008.0
33274,2016.0
611,2002.0
1442,1999.0
31310,2013.0
2767,2006.0
6947,2009.0
21267,2014.0
32438,2016.0
32595,2016.0
9561,2010.0
6835,1935.0
5053,1986.0
19233,2007.0
32608,2016.0
33187,
10463,1991.0
20713,2012.0
13141,2012.0
7314,2009.0
10313,1985.0
11269,1972.0
3473,1968.0
4709,1999.0
13089,1970.0
3886,1986.0
6305,2003.0
2069,1990.0
1776,1995.0
17707,2013.0
24011,2015.0
23375,2014.0
7524,1946.0
28401,2015.0
12603,1948.0
3929,1933.0
1745,2002.0
3743,1964.0
31904,2016.0
3070,2005.0
11447,1956.0
13083,1965.0
1160,1999.0
34013,2016.0
20329,2013.0
11659,1990.0
8220,2000.0
5799,2007.0
4398,1931.0
8297,2010.0
1656,2004.0
9861,2010.0
1667,2003.0
1708,2003.0
33449,2016.0
29515,2015.0
30862,2010.0
6797,1999.0
22955,2014.0
10347,2011.0
18133,2012.0
5631,1930.0
30826,2015.0
33462,2016.0
10360,2001.0
31498,2016.0
30394,2005.0
10838,2011.0
7450,1995.0
13971,2011.0
31519,2015.0
2258,1983.0
2391,2004.0
6525,2009.0
23061,1999.0
2719,2007.0
5632,1928.0
9392,1967.0
17849,2013.0
2364,1997.0
28041,1926.0
1252,1991.0
31747,2015.0
6937,1997.0
7244,1989.0
33803,2016.0
7451,1995.0
9850,1958.0
30473,2014.0
1982,1962.0
32084,2016.0
23079,2014.0
7255,1968.0
13369,2008.0
28987,2013.0
19755,2013.0
7258,1973.0
2941,2003.0
2521,2001.0
19219,2011.0
19207,2013.0
3772,2001.0
12295,1965.0
30251,2015.0
5873,1929.0
12789,1970.0
6131,2009.0
7528,1952.0
7497,1927.0
27687,2014.0
31439,2016.0
33245,2016.0
6939,2006.0
32606,2016.0
28057,1952.0
6843,1941.0
27437,2009.0
10674,2003.0
4391,1930.0
29956,2008.0
27927,2015.0
29629,1977.0
7523,1944.0
13085,1966.0
29771,2006.0
29673,1970.0
30341,1990.0
12561,1939.0
5826,1930.0
7448,1994.0
28241,1940.0
1705,2002.0
7530,1954.0
2765,1945.0
5304,2008.0
19209,2008.0
3463,2000.0
5869,1931.0
13087,1966.0
28639,2012.0
28653,2012.0
13439,2012.0
7243,1987.0
30336,1985.0
18457,1917.0
7488,1992.0
30947,2015.0
15045,2012.0
14563,2012.0
29701,1968.0
15545,2012.0
25461,2011.0
17353,2013.0
6827,1936.0
30850,2015.0
28245,1941.0
1833,1989.0
30948,2015.0
27785,2015.0
6847,1950.0
28045,1929.0
2362,2001.0
33572,2016.0
6829,1936.0
30327,1970.0
23759,1930.0
30393,2010.0
28953,2010.0
29904,2003.0
10743,1950.0
31262,1984.0
3799,1980.0
33026,2016.0
30330,1974.0
7446,1992.0
29633,1963.0
1031,2006.0
7843,1994.0
31834,2014.0
1287,1985.0
4390,1931.0
6281,2009.0
10710,2011.0
7445,1992.0
24363,1948.0
30334,1980.0
29932,2006.0
28827,1941.0
28049,1933.0
28765,2014.0
4395,1933.0
31912,1936.0
28955,2012.0
33434,2016.0
28051,1933.0
23053,2004.0
5874,1933.0
22175,2005.0
28761,2014.0
7273,1985.0
31507,2008.0
15455,1946.0
31257,1981.0
4761,2006.0
7494,1924.0
5872,1932.0
6857,1943.0
6848,1942.0
6769,1930.0
7021,1961.0
5871,1933.0
29411,1971.0
6852,
4392,1932.0
3252,1983.0
30404,2009.0
31760,2011.0
6836,1935.0
6846,1948.0
2232,2006.0
23065,2003.0
600,2004.0
29766,2010.0
13513,2005.0
28587,2010.0
10763,1976.0
5299,2011.0
31831,2012.0
28993,2008.0
1621,2006.0
7259,1970.0
7809,2005.0
1626,1983.0
4250,1975.0
29905,2005.0
28951,2011.0
4394,1934.0
6832,1935.0
6837,1934.0
12919,2005.0
4733,2001.0
29944,2010.0
31833,2013.0
7485,1918.0
6842,1939.0
33975,2016.0
31267,1988.0
7025,1972.0
10742,1917.0
7810,2003.0
30399,2009.0
33541,2016.0
12803,1936.0
6841,1938.0
29865,2015.0
5838,1936.0
31759,1985.0
30400,2009.0
22165,2008.0
10627,2006.0
30401,2009.0
30332,1979.0
29597,1967.0
7032,1961.0
30078,1979.0
17076,1935.0
29768,2003.0
10436,2009.0
5870,1933.0
30335,1983.0
4966,1988.0
4393,1931.0
30659,1993.0
29941,2015.0
1451,1990.0
20153,2005.0
32400,2016.0
6850,1933.0
29681,1975.0
30705,2015.0
31761,1985.0
31139,2015.0
29989,2001.0
28655,2006.0
9976,2010.0
6431,1931.0
30666,2002.0
19213,2007.0
22163,2002.0
6831,1935.0
29906,2004.0
33814,2016.0
705,2004.0
28641,2012.0
7501,1940.0
30326,1968.0
33690,2016.0
7031,1966.0
22171,2003.0
6823,1934.0
23063,2002.0
29311,2014.0
7020,1960.0
29907,2002.0
31584,1984.0
30480,2011.0
28981,2015.0
6839,1936.0
30418,2009.0
31633,2016.0
4462,1928.0
31832,2013.0
29293,
6830,1935.0
6654,1917.0
7071,1933.0
7026,1965.0
9318,1992.0
5868,1931.0
29952,2008.0
5661,1932.0
30664,1975.0
31578,2015.0
28647,2006.0
30331,1978.0
30337,1985.0
30667,1979.0
3930,1929.0
29908,2004.0
30339,1987.0
23051,2001.0
5812,1931.0
7029,1965.0
5811,1931.0
29988,1971.0
28645,2010.0
30328,1972.0
4397,1934.0
6849,1934.0
6840,1936.0
29777,1968.0
30814,2004.0
5813,1931.0
23517,1982.0
30340,1987.0
6535,1963.0
32906,2016.0
23059,2005.0
22159,2000.0
30396,2009.0
7027,1977.0
16802,1979.0
7030,1968.0
22167,2002.0
23055,2003.0
30669,2002.0
7811,1995.0
6851,1933.0
4396,1936.0
33021,2016.0
5814,1932.0
9895,1970.0
30559,1975.0
6844,1942.0
30329,1975.0
6834,1935.0
29980,2013.0
28843,2005.0
30668,2002.0
6838,1934.0
29957,2011.0
1812,2006.0
6828,1936.0
23057,2004.0
4567,1996.0
23877,1997.0
22157,1975.0
7024,1967.0
30665,1975.0
30859,2004.0
6833,1935.0
29619,1971.0
22177,2005.0
22181,2009.0
28637,2011.0
33394,2016.0
28657,2012.0
22173,2004.0
16822,1979.0
6950,1964.0
22255,1972.0
19315,2014.0
29984,1975.0
11357,1985.0
7022,1969.0
7028,1974.0
28929,2015.0
31586,2005.0
22161,2002.0
7900,1994.0
29617,1971.0
22169,2003.0
22179,2003.0
6953,1962.0
29949,
25627,1970.0
12763,1964.0
18305,1980.0
16696,1989.0
6073,1981.0
27589,2011.0
23149,2014.0
16812,1978.0
16564,1984.0
9433,2001.0
11541,2011.0
17088,1987.0
17086,1988.0
17090,2009.0
16570,1996.0
32956,2016.0
31485,2016.0
32806,2016.0
14183,1987.0
25717,1989.0
11275,1972.0
24857,1924.0
18635,1968.0
29836,2004.0
29842,2005.0
29843,2005.0
23779,1981.0
8226,1989.0
8227,1990.0
31941,2015.0
18819,1995.0
33655,
32253,1983.0
22959,1996.0
17671,1968.0
30914,2014.0
20237,1972.0
25063,2000.0
6520,1997.0
8239,1982.0
30617,2015.0
8436,1971.0
17117,1993.0
3844,1971.0
22851,1996.0
34249,2004.0
29791,1976.0
33232,1985.0
7633,1994.0
21761,1918.0
21763,1953.0
21765,1959.0
33342,1962.0
33044,2016.0
6630,1982.0
23031,2013.0
21553,1994.0
28091,2003.0
9796,2010.0
23523,2002.0
31730,2009.0
7715,2000.0
12951,1998.0
22247,1997.0
29708,2003.0
30519,2011.0
30156,2015.0
31965,2013.0
25963,2007.0
15787,2012.0
17479,1996.0
20383,2013.0
9284,1970.0
18227,2013.0
30249,2014.0
24875,2009.0
30989,2015.0
16514,1987.0
29897,1956.0
29710,1998.0
17687,1983.0
19547,2004.0
9955,2007.0
9613,1964.0
3909,1987.0
5478,1999.0
10203,1988.0
10200,1988.0
29373,2001.0
8520,1988.0
8521,1989.0
9812,1995.0
29764,2009.0
24793,2012.0
29886,2007.0
20189,2003.0
18191,2013.0
8416,1993.0
8403,2002.0
30892,2015.0
8184,1967.0
8183,1973.0
8182,1967.0
3637,2003.0
28983,1984.0
31258,1982.0
29467,1995.0
9540,1996.0
10210,1986.0
31868,1987.0
16786,1984.0
24881,1928.0
29921,1958.0
23611,1987.0
32237,
6671,1979.0
9447,2008.0
9905,1983.0
18759,1981.0
23721,2014.0
32345,2012.0
33344,1963.0
33728,2016.0
23185,1917.0
23187,1917.0
30267,1994.0
29655,1964.0
21025,2012.0
30228,1999.0
9868,1987.0
16558,1976.0
17893,1988.0
18271,1983.0
9903,2000.0
8025,2010.0
11733,2011.0
31202,2015.0
8501,1967.0
24923,1976.0
29947,1956.0
29948,1957.0
32417,2006.0
32418,2007.0
32419,2008.0
9383,1991.0
31236,2016.0
30060,2006.0
29385,2004.0
29792,1974.0
24269,1999.0
29135,2014.0
29793,1976.0
7354,1933.0
22755,2014.0
16303,1984.0
8563,1984.0
14623,1992.0
30634,2011.0
17457,1971.0
5908,1989.0
10040,1990.0
17689,1987.0
33262,2016.0
31246,2010.0
31211,2013.0
23191,1917.0
6636,1984.0
21433,2014.0
23511,2014.0
8853,1984.0
24927,1970.0
28829,1954.0
32944,2016.0
13503,2006.0
13505,2009.0
13511,2010.0
13509,2008.0
13507,2007.0
30923,2016.0
16794,1983.0
30247,2014.0
32630,1979.0
29711,2002.0
31978,2016.0
33685,2016.0
33686,2016.0
33687,2016.0
7956,1982.0
6760,1989.0
6759,1988.0
6762,1989.0
6761,1989.0
19905,2007.0
29469,1994.0
18007,1977.0
16554,1978.0
10887,1974.0
17703,2013.0
23799,1999.0
16816,1983.0
30893,2015.0
27551,2002.0
23189,1917.0
7750,2003.0
31746,2015.0
34207,2016.0
18317,1989.0
17665,1994.0
3825,1976.0
15957,1968.0
18327,1985.0
16572,1983.0
18325,1986.0
18313,1979.0
21485,1995.0
30034,1998.0
8879,1965.0
29713,1997.0
5916,1997.0
19901,1967.0
2642,1994.0
2639,1993.0
2636,1991.0
6771,1986.0
29349,2012.0
24663,1991.0
25299,1994.0
20077,1984.0
20083,1986.0
27577,1949.0
8478,2010.0
20009,1970.0
7498,1928.0
31555,2015.0
31261,1983.0
29687,2015.0
32582,2016.0
32926,2016.0
8179,1983.0
20201,1989.0
19907,2002.0
29431,2009.0
9028,1990.0
28087,2006.0
6517,2008.0
27369,1990.0
19943,1997.0
30026,1991.0
3243,2007.0
15137,1930.0
30193,2011.0
16818,1979.0
18307,1983.0
33114,1997.0
33792,2012.0
19997,1968.0
29987,1971.0
32691,2016.0
16748,1979.0
29379,1992.0
18005,2002.0
30173,2013.0
30071,1981.0
10533,2011.0
10997,2011.0
23973,1982.0
23969,1942.0
23971,1943.0
29923,1957.0
30342,2015.0
22345,2006.0
20093,1981.0
8218,1991.0
29919,1957.0
33842,2012.0
30121,1994.0
17623,1980.0
23343,1996.0
30118,1991.0
29653,1963.0
25503,2014.0
31640,2015.0
5594,1981.0
30530,1977.0
16838,1980.0
9345,2010.0
20175,1991.0
30738,2015.0
12243,1982.0
23347,1974.0
20199,1980.0
23863,1986.0
20755,2013.0
26163,2014.0
31753,2016.0
8897,1966.0
16908,2013.0
10995,2011.0
32835,1979.0
33325,1980.0
18377,1980.0
31237,2015.0
18319,1979.0
30362,2013.0
20243,1990.0
24071,2014.0
8155,1986.0
8158,1988.0
8493,1999.0
8156,1997.0
8154,1986.0
8153,1986.0
28103,2008.0
20115,1977.0
4470,1994.0
29665,1967.0
25609,2002.0
25611,2004.0
25615,2006.0
10540,2011.0
23265,1934.0
2691,
30042,1992.0
9351,2008.0
30278,2014.0
19501,2008.0
9391,1998.0
33025,2016.0
31385,
30481,2002.0
30483,2014.0
27651,2001.0
23661,2000.0
27621,2013.0
23107,2014.0
29918,1956.0
31692,2012.0
22669,2011.0
7177,2009.0
16778,1983.0
29924,1962.0
30410,2015.0
9535,1985.0
16780,1981.0
31699,2015.0
7781,2012.0
5477,1999.0
27521,2014.0
33290,2016.0
30602,2008.0
16027,2003.0
9501,2005.0
19457,2009.0
31263,1985.0
19751,1985.0
11995,2002.0
31510,2009.0
8195,1999.0
26089,1987.0
16752,1982.0
8500,1982.0
33474,1980.0
8764,1996.0
8763,1974.0
18937,2008.0
11673,2011.0
29507,1999.0
20239,1976.0
9862,1992.0
8336,2010.0
17263,2013.0
30086,1928.0
9811,1998.0
23651,1917.0
30861,2000.0
30411,2015.0
11545,1990.0
15913,2006.0
28759,2011.0
24877,1988.0
17667,1966.0
9807,1996.0
31583,1990.0
3251,2007.0
10539,2011.0
10603,2009.0
10602,2011.0
10623,2000.0
23015,1972.0
27693,1986.0
10964,1990.0
33562,2015.0
28749,2013.0
2750,1994.0
19961,1990.0
24465,1998.0
32622,1990.0
9770,2005.0
18827,1991.0
11521,2006.0
22439,2007.0
22441,2007.0
31585,1984.0
16552,1995.0
11203,2000.0
18273,1982.0
15479,2003.0
23659,2004.0
32645,
2694,2000.0
9882,1991.0
31235,2015.0
7175,2009.0
30470,2015.0
22821,2014.0
13207,2012.0
18241,2013.0
13431,2012.0
8355,2007.0
8356,2008.0
8357,2010.0
7967,1993.0
23125,2007.0
30072,1982.0
34115,2013.0
27375,1969.0
21549,1982.0
10509,1987.0
16828,1982.0
31511,2011.0
29587,1970.0
30134,2011.0
16556,1967.0
6150,2007.0
18309,1967.0
11213,1974.0
8191,2007.0
30268,2005.0
19957,1991.0
3414,2006.0
9950,1986.0
16776,2005.0
19681,1965.0
16824,1983.0
16808,1968.0
16560,1978.0
25091,1986.0
10238,2011.0
22887,1967.0
9781,1977.0
29671,1976.0
16007,1959.0
9902,2008.0
31509,2009.0
9518,2010.0
3164,2007.0
31135,2011.0
20079,1970.0
20081,1996.0
29651,1961.0
21053,2013.0
19965,1988.0
29814,1972.0
19947,1978.0
21467,1978.0
21475,1981.0
24577,1917.0
29926,1959.0
8786,1970.0
28235,2008.0
32227,1959.0
14211,1961.0
29709,1998.0
10847,2011.0
11421,1975.0
25305,1989.0
10760,1918.0
23183,1917.0
20025,1970.0
9496,1986.0
27561,1994.0
29367,1996.0
18323,1991.0
32252,1977.0
3947,1981.0
24041,2010.0
29928,1969.0
16399,1977.0
29623,1956.0
29645,1963.0
6701,1974.0
33267,2013.0
17291,2006.0
33144,2006.0
28145,1968.0
30392,1999.0
11857,1974.0
10889,1973.0
18533,2000.0
29409,1968.0
21021,2013.0
6072,1986.0
9606,1988.0
29748,2010.0
30921,2016.0
10757,1917.0
33134,1939.0
33135,1940.0
33136,1958.0
30457,1948.0
33133,1934.0
29746,2008.0
10965,1979.0
29870,1960.0
29677,1967.0
7856,2006.0
29529,1978.0
10236,1980.0
29527,1976.0
33219,2016.0
23569,1981.0
33607,2005.0
29381,1994.0
29383,1998.0
22975,1982.0
22977,1981.0
30777,2015.0
19087,1972.0
15067,2012.0
30313,2015.0
19587,2013.0
8899,1969.0
21551,1969.0
19053,1988.0
19987,1965.0
19505,1966.0
23613,1984.0
29985,1965.0
13769,1987.0
34292,2016.0
19993,1967.0
13817,2009.0
13819,2010.0
30150,2011.0
13821,2012.0
13827,2012.0
30151,2012.0
32568,2016.0
33177,1961.0
31418,2016.0
29551,1925.0
17217,1989.0
23727,1997.0
23639,1954.0
9584,1993.0
29491,2012.0
31506,2009.0
20123,2003.0
8065,1990.0
5140,1994.0
29489,1995.0
7479,1973.0
29361,2019.0
20127,1989.0
9371,2010.0
29661,1977.0
32623,1960.0
31926,2004.0
27721,2001.0
27723,2002.0
21101,1995.0
22111,1994.0
10797,2011.0
32832,2016.0
20143,1995.0
28691,1926.0
21099,1996.0
17489,1990.0
22649,1991.0
22651,2006.0
8244,2010.0
8353,2010.0
29679,1971.0
10237,2002.0
3870,1970.0
19683,
7525,2002.0
23085,1997.0
8492,2009.0
8494,1974.0
9292,1989.0
34233,2016.0
19941,1990.0
19995,1967.0
33034,2016.0
29555,1925.0
3277,1985.0
3275,1985.0
3279,1986.0
6012,1979.0
10759,1918.0
31071,2015.0
32448,1980.0
23349,1975.0
32693,1960.0
28035,1949.0
30407,2009.0
18321,1980.0
18301,1984.0
30048,2006.0
23637,1950.0
19585,1992.0
22511,1918.0
29920,1957.0
34503,2017.0
6261,1979.0
24775,2015.0
31587,1990.0
28047,1931.0
23829,1989.0
29738,2014.0
30129,1986.0
24073,2014.0
27519,2014.0
30212,2002.0
15227,2016.0
17599,1985.0
25921,1970.0
29745,2007.0
29759,2014.0
7189,2009.0
8595,2005.0
33123,2009.0
31239,2015.0
20117,1987.0
2173,2007.0
17469,2005.0
6571,1999.0
23097,1954.0
32626,1959.0
19687,2013.0
19781,2014.0
30176,1927.0
5886,1979.0
9339,2010.0
11197,1995.0
28053,1946.0
34201,1994.0
17669,1971.0
5809,2009.0
30395,2008.0
19135,1984.0
26043,2014.0
22465,2014.0
33115,1960.0
19325,2006.0
17439,1982.0
17441,1969.0
17445,1970.0
17443,1969.0
17447,1970.0
20603,1994.0
31539,2015.0
28067,1942.0
7681,1993.0
17673,1968.0
27393,1997.0
9947,1999.0
30098,2003.0
30096,1982.0
30099,2011.0
31673,2013.0
31674,2014.0
29712,1999.0
30343,2011.0
30349,2012.0
29003,2009.0
31054,2002.0
33782,2016.0
16820,1971.0
18155,2013.0
13177,2008.0
13179,2010.0
13465,2012.0
25027,1990.0
28099,1992.0
17102,2009.0
17104,2011.0
32823,2015.0
23901,2014.0
31205,2013.0
7500,1937.0
30055,2010.0
30057,1993.0
27965,1992.0
4905,2008.0
16131,1987.0
30673,1972.0
31463,2014.0
15915,1989.0
8495,2010.0
33183,2016.0
9818,2004.0
30051,2012.0
9817,2001.0
30052,2014.0
9819,2009.0
20229,1990.0
32224,1971.0
8372,1980.0
28989,2014.0
29782,1943.0
30906,2014.0
26087,1987.0
12185,2007.0
11525,2001.0
23763,1983.0
3180,1983.0
10136,1984.0
10135,1978.0
10138,1989.0
20241,1981.0
20183,1977.0
23001,1970.0
20231,1978.0
33300,1980.0
11829,1981.0
10137,1986.0
9856,1977.0
10709,1987.0
11245,1983.0
22509,1992.0
10282,1975.0
10285,1982.0
24683,1981.0
16784,1982.0
19873,1991.0
33383,2013.0
25301,1996.0
10239,2003.0
29719,2006.0
8442,1998.0
9821,2006.0
9820,
16834,1985.0
6727,1981.0
4121,1988.0
30027,1988.0
21447,2014.0
18311,1989.0
18331,1990.0
18329,1990.0
7616,2002.0
3846,1973.0
7751,2003.0
8522,1990.0
27579,1993.0
31268,1989.0
29557,1928.0
32402,2016.0
31582,1989.0
29767,2003.0
7452,2001.0
31410,2015.0
5374,2006.0
16800,1983.0
16159,1965.0
33980,2016.0
32461,2015.0
4096,1975.0
8243,2010.0
10149,1998.0
29833,1972.0
6067,1988.0
5241,2008.0
23005,1962.0
29387,2005.0
31116,2007.0
10758,1918.0
11533,1989.0
22893,1972.0
31924,2013.0
2741,2004.0
22221,1966.0
30117,1997.0
33724,2016.0
25541,2016.0
30397,2009.0
7529,1953.0
33116,1960.0
29427,2010.0
20173,2007.0
12613,2004.0
20001,1969.0
12391,1990.0
2735,2003.0
16796,1985.0
29895,1947.0
9948,2001.0
33479,2016.0
14253,1989.0
29371,2002.0
17100,1984.0
3465,2005.0
26147,1984.0
33485,1964.0
32876,2016.0
33583,2012.0
30398,2009.0
27943,2014.0
28695,1931.0
29715,2015.0
32276,2015.0
32136,1990.0
16810,1978.0
18315,2004.0
26153,1987.0
33130,2016.0
5184,2008.0
31361,2015.0
33398,2016.0
32999,2016.0
32572,2016.0
23555,2014.0
33727,2016.0
31562,2015.0
23737,2014.0
24573,1917.0
31017,1975.0
29844,2014.0
30409,2005.0
30864,2012.0
23643,1979.0
20027,1979.0
7713,1972.0
22413,1966.0
12181,2011.0
8890,1999.0
8891,1999.0
4218,1977.0
25059,1988.0
9242,1983.0
29235,1984.0
29233,1985.0
23647,1983.0
21493,1982.0
31517,2011.0
21491,1982.0
9455,1997.0
30965,1971.0
22999,1970.0
29900,1976.0
8777,1979.0
9303,1983.0
17601,1992.0
7495,1925.0
18573,1995.0
8205,2006.0
23013,1970.0
30019,1935.0
30018,1935.0
16393,1987.0
3514,2008.0
5089,2008.0
31019,2014.0
31020,2014.0
20799,2013.0
28689,1924.0
29740,2004.0
22585,2012.0
21019,2009.0
22849,2014.0
24845,2014.0
9810,2000.0
24403,2014.0
19305,2013.0
30144,2015.0
26033,1993.0
22991,1987.0
22993,1986.0
27573,1925.0
20075,1989.0
34358,2006.0
34363,2008.0
28143,1940.0
9070,2005.0
18469,2013.0
7575,1986.0
25139,1991.0
19897,1982.0
34234,2016.0
8415,1992.0
16530,1980.0
16730,1981.0
16480,2000.0
13091,1968.0
23865,1990.0
26145,1985.0
8799,1984.0
4220,1982.0
26143,1983.0
17624,1994.0
29846,2015.0
2742,2003.0
33343,1962.0
7531,1955.0
14947,2012.0
29435,2011.0
21163,1995.0
29795,1979.0
22541,2014.0
20085,1998.0
32225,1961.0
17521,1963.0
23007,1963.0
23009,1964.0
21539,1967.0
19831,1991.0
25809,2005.0
8999,2004.0
30065,1971.0
23267,1933.0
3362,2007.0
9866,1984.0
29796,1980.0
19879,1989.0
20023,1970.0
30025,1991.0
23181,1917.0
14213,1962.0
17675,1962.0
23011,1970.0
17467,1969.0
29635,1963.0
29922,1959.0
7106,1981.0
29399,2007.0
7526,1949.0
28089,1984.0
20185,2003.0
29611,2004.0
13165,2012.0
28595,2014.0
7960,2001.0
33238,2012.0
13463,2012.0
29487,1998.0
32842,2008.0
29832,2014.0
30417,2015.0
33002,2016.0
10953,2004.0
28073,1984.0
30403,2005.0
29727,2013.0
3879,1979.0
6018,1992.0
24121,2006.0
33310,1990.0
12359,2002.0
22675,2009.0
4331,2008.0
10856,2011.0
10855,2010.0
6063,2009.0
16434,1985.0
34156,2016.0
32736,2011.0
29613,1983.0
16458,1990.0
32660,2008.0
29953,2013.0
3458,2001.0
21981,2014.0
15897,2012.0
31464,2010.0
30386,2015.0
31078,2015.0
20005,1969.0
17423,1978.0
19909,1996.0
5018,2001.0
34235,2016.0
30803,2015.0
3769,2006.0
29898,1961.0
17613,2006.0
32621,1990.0
23089,1934.0
7527,1951.0
23633,1948.0
23635,1949.0
29925,1959.0
27451,2006.0
27455,2009.0
27457,2012.0
27459,2014.0
27463,2013.0
27461,2013.0
27453,2006.0
16650,1985.0
17321,1987.0
17317,1986.0
18339,1983.0
18341,1984.0
29377,1990.0
9426,2006.0
9533,2007.0
10459,2011.0
11589,2011.0
15873,1967.0
5240,2009.0
30095,1981.0
29910,2014.0
15905,2012.0
33630,2011.0
9438,1966.0
16526,1984.0
17721,1998.0
7473,1981.0
10607,1999.0
19467,2007.0
3372,2006.0
14249,1999.0
13459,2012.0
22391,1963.0
29797,1978.0
6195,2010.0
3073,2007.0
15069,2012.0
31898,2011.0
32221,2012.0
4547,2008.0
20147,1976.0
16620,1980.0
29375,1995.0
16566,1977.0
16490,1978.0
16562,1976.0
19875,1966.0
14781,1985.0
33237,2009.0
20003,1969.0
7211,2010.0
9061,1990.0
31373,2016.0
33710,2013.0
10653,1986.0
8567,1996.0
30138,2005.0
33078,2004.0
30204,2003.0
31547,2009.0
8685,1972.0
4940,2001.0
5997,1968.0
33239,2015.0
32397,2016.0
29471,1994.0
4574,1981.0
3869,1997.0
15393,2011.0
29798,1976.0
5810,2009.0
13365,1980.0
29637,1965.0
29559,1931.0
21483,1990.0
7696,1992.0
7697,1993.0
7698,1994.0
29675,1971.0
31052,2002.0
30059,
27681,1992.0
28017,1989.0
4684,2008.0
33318,2011.0
28693,1951.0
30028,1988.0
10241,1971.0
25607,1978.0
19167,1992.0
10820,1982.0
25035,1990.0
29647,1964.0
25329,1989.0
28887,2014.0
32627,1961.0
30097,1983.0
27811,2006.0
31264,1986.0
31265,1987.0
32796,2012.0
32797,2014.0
33195,2015.0
10506,2011.0
25093,1975.0
1739,2006.0
33538,2013.0
33540,2016.0
18939,2010.0
18941,2012.0
32014,2016.0
18943,2013.0
20963,2014.0
28293,2015.0
9885,1989.0
21487,1981.0
21489,1982.0
23393,1976.0
33132,1926.0
15875,1977.0
16486,1979.0
7980,1971.0
17315,1988.0
30045,1939.0
22401,
22997,1971.0
15579,1997.0
22313,1994.0
31508,2008.0
10633,2011.0
9546,1988.0
29401,2008.0
29389,2007.0
33484,1963.0
30070,1981.0
22995,1925.0
19981,1964.0
10756,1917.0
30960,1992.0
8829,1991.0
8832,1992.0
13307,1964.0
19983,1964.0
7639,1996.0
20223,1975.0
19887,1987.0
17211,1985.0
32226,1969.0
10541,2011.0
11609,2011.0
13551,1999.0
1863,2006.0
32888,2016.0
31829,2016.0
29756,2015.0
11405,1967.0
28019,1987.0
19999,1969.0
10774,1994.0
8143,2011.0
16804,1982.0
23979,2006.0
16814,1978.0
18283,1980.0
18303,1981.0
22791,2005.0
31948,1938.0
21933,1995.0
21935,1998.0
27501,1999.0
21937,1992.0
10061,1990.0
21943,1996.0
21945,2009.0
9007,2010.0
27371,1997.0
17213,2009.0
22037,1991.0
21947,2001.0
17215,2005.0
27569,2010.0
21951,2008.0
21953,2007.0
18591,2006.0
27491,2003.0
27495,2001.0
16163,1989.0
21957,2006.0
21959,2005.0
10056,1993.0
22035,1994.0
29901,2015.0
21961,1994.0
18355,2013.0
9446,1997.0
9451,2000.0
32676,2016.0
19433,1990.0
27683,2012.0
23617,2014.0
17219,2002.0
21293,2007.0
10060,1996.0
10684,2011.0
20113,2002.0
21295,1998.0
18357,2013.0
10057,1991.0
21963,2004.0
10059,1992.0
10685,2011.0
21297,2000.0
14381,2012.0
21967,2008.0
21969,2004.0
21971,1999.0
10058,1995.0
33188,2016.0
11497,2004.0
30024,1987.0
3822,1975.0
30210,2007.0
17619,1984.0
3451,1992.0
18447,2003.0
24819,2014.0
30120,1997.0
27575,1942.0
29657,1975.0
10989,2001.0
9906,1980.0
3575,2008.0
3885,2007.0
6482,2008.0
6481,2009.0
33320,2015.0
7683,2000.0
4553,2005.0
24969,2014.0
6583,1992.0
14529,1982.0
16790,1982.0
16806,1982.0
6981,1992.0
34490,2001.0
2701,1999.0
16568,1982.0
19517,1991.0
29799,1973.0
9562,2010.0
16754,1979.0
14821,1977.0
32590,2001.0
33662,2016.0
19535,2013.0
21255,1987.0
3937,1998.0
29485,2005.0
31691,2006.0
32663,2016.0
6519,1997.0
19843,2013.0
30232,2015.0
15865,2012.0
23003,1962.0
31486,2016.0
17487,2001.0
27377,1967.0
31299,2006.0
19989,1966.0
16728,1988.0
29425,2011.0
30012,1938.0
32585,2016.0
29669,1971.0
5922,1990.0
25987,2015.0
18907,1997.0
2930,2007.0
11681,2007.0
19445,2013.0
17961,2001.0
30582,2013.0
23915,2008.0
22065,1992.0
7629,2006.0
5943,2000.0
25149,1982.0
8524,1984.0
31892,2012.0
31893,2014.0
7955,2004.0
9416,1981.0
9417,1985.0
9949,2007.0
4621,1987.0
7844,2008.0
9956,2005.0
15399,2001.0
32593,2015.0
8081,2009.0
16746,1972.0
8189,2005.0
31259,1982.0
29369,1998.0
19049,1995.0
19991,1966.0
20125,1977.0
24803,2010.0
31055,2015.0
26149,1982.0
8539,1996.0
30036,1995.0
29473,1995.0
29780,2005.0
33533,2008.0
30408,2011.0
13457,2011.0
29209,1992.0
10242,2004.0
20233,1974.0
6730,1982.0
30135,
5278,1998.0
28685,2005.0
2366,1995.0
29667,1969.0
18137,2013.0
22131,2014.0
20087,2007.0
6917,1987.0
29649,1966.0
15139,1934.0
33691,1966.0
5473,2002.0
29929,1965.0
28023,1971.0
9175,1990.0
12903,1982.0
10943,1993.0
19555,1978.0
32889,2011.0
32890,2015.0
19311,2005.0
12901,1987.0
3975,2008.0
6989,1965.0
21037,2010.0
10224,1978.0
12897,1965.0
12887,1965.0
12895,
19985,1965.0
10815,1976.0
16830,1983.0
18269,1979.0
23641,1955.0
8345,2006.0
34078,2013.0
30049,1996.0
30054,2004.0
10250,1987.0
10244,1988.0
4682,1998.0
4681,1997.0
8753,1991.0
10909,1984.0
12835,1969.0
12861,1994.0
16253,1990.0
34038,1968.0
32580,2001.0
6658,2009.0
33085,2010.0
29800,1975.0
30973,1952.0
29917,1956.0
4598,1974.0
30863,2013.0
5921,1989.0
30131,2015.0
30605,2015.0
31269,1990.0
16832,1985.0
33083,2006.0
33084,2007.0
31476,2010.0
17106,2009.0
31266,1987.0
9228,1963.0
4544,2005.0
2708,1996.0
12139,1968.0
6868,1973.0
29747,2009.0
22219,1970.0
33319,2016.0
22503,2014.0
29099,2015.0
30875,2015.0
33099,2016.0
29867,1980.0
9952,2005.0
19839,2009.0
12039,1988.0
25173,1960.0
31696,2005.0
29986,1966.0
4088,1965.0
12809,2003.0
7419,1989.0
31701,2007.0
12091,
5303,1983.0
12799,2002.0
31150,2005.0
9973,2010.0
18491,2012.0
6156,2009.0
18489,2011.0
32230,1999.0
9822,2006.0
32751,2016.0
31700,1999.0
30140,
32807,2012.0
32820,2014.0
32819,2013.0
32821,2015.0
32808,2014.0
32818,2012.0
32809,2015.0
24603,1981.0
32269,1984.0
32270,2006.0
31348,1980.0
31177,2015.0
10554,1978.0
10563,1979.0
12793,1995.0
30116,1999.0
10705,2007.0
10706,2008.0
18817,2013.0
33933,2016.0
5468,2007.0
28201,1997.0
25589,1990.0
27467,2012.0
32920,2007.0
12781,1998.0
23351,1976.0
7625,1992.0
21129,2010.0
12771,1992.0
24981,1935.0
30119,2013.0
28055,1947.0
30957,1918.0
23345,1985.0
15141,1994.0
33828,2002.0
3500,2008.0
24575,1917.0
30213,2002.0
5841,2009.0
29812,1958.0
12767,1966.0
6448,1965.0
18983,2013.0
22197,2014.0
12765,1968.0
30309,2015.0
33048,2016.0
30211,2004.0
5821,2006.0
4790,1999.0
9520,1973.0
9522,1974.0
23313,2003.0
10987,2004.0
22709,2005.0
31698,2009.0
11093,1991.0
31427,2013.0
13167,2011.0
11097,1982.0
11095,1992.0
7808,1980.0
13455,2012.0
34502,2017.0
34309,2017.0
34096,2017.0
34134,2019.0
25777,2017.0
33486,2017.0
32937,2017.0
33506,2017.0
33417,2017.0
31765,2017.0
32887,2017.0
30455,2022.0
33047,2018.0
31783,2017.0
34451,2017.0
33852,
25537,2017.0
33489,2017.0
32949,2017.0
32901,2017.0
34055,2017.0
32981,2017.0
34176,2017.0
33010,2018.0
31537,2019.0
31931,2018.0
31629,2017.0
33018,2017.0
29643,2016.0
33337,2017.0
33839,2021.0
34350,2017.0
33820,2017.0
20471,
33371,2017.0
32878,2017.0
33573,2017.0
31853,2017.0
32086,2017.0
33354,2018.0
9488,2019.0
34525,2017.0
28833,2017.0
33729,2017.0
33730,2017.0
33388,2017.0
34088,2017.0
32830,2017.0
34257,2017.0
32407,2017.0
34244,2017.0
34497,2018.0
33988,2017.0
34430,2017.0
32271,2017.0
34299,2017.0
33672,2017.0
31678,2016.0
32212,2019.0
34208,2017.0
3786,2021.0
30778,2017.0
34100,2017.0
33049,2019.0
33050,2020.0
34338,2018.0
34427,2017.0
33203,2017.0
33731,2017.0
34488,2017.0
33389,2017.0
32936,2017.0
33783,2017.0
34527,2017.0
23279,2017.0
33378,2017.0
21877,2018.0
33948,2017.0
33204,2017.0
34028,2017.0
33733,2018.0
33027,2017.0
33012,2018.0
33840,2017.0
33532,2017.0
34198,2017.0
33089,2017.0
32133,2018.0
34501,2017.0
34032,2017.0
31758,2017.0
34104,2017.0
33206,2017.0
33519,2016.0
33520,2017.0
31658,2017.0
31812,2017.0
34106,2017.0
34021,2017.0
17947,2017.0
32900,2017.0
33788,2017.0
33737,2021.0
31422,2017.0
31445,
20715,
34223,2017.0
34383,2017.0
33850,2018.0
34264,2017.0
34148,2017.0
34392,2017.0
33983,2017.0
34161,2017.0
33447,2017.0
30695,2016.0
33391,2017.0
33019,2017.0
32262,2017.0
32951,2017.0
34393,2017.0
33726,2017.0
34494,2017.0
34102,2017.0
33889,2018.0
34289,2017.0
33836,2017.0
32836,2017.0
32843,2019.0
34456,2017.0
34315,2017.0
30736,2017.0
30223,
33095,2017.0
33502,2017.0
33362,2017.0
33036,2016.0
27783,2018.0
34086,2017.0
34310,2017.0
34177,2017.0
34449,2017.0
32596,2017.0
34416,2016.0
34474,2017.0
34498,2017.0
34076,2017.0
32924,2017.0
34522,2017.0
34467,2017.0
32615,2017.0
32222,2016.0
34471,2017.0
34284,2017.0
34445,2017.0
33390,2017.0
